split,sample_idx,state,w_cnn,w_vit,r_cnn,r_vit,cnn_correct,vit_correct,fused_pred,fused_correct
val,0,6,0.49999999999999994,0.5,-0.08359861373901367,0.8833985328674316,1,1,6,1
val,1,6,0.48550006417550323,0.5144999358244968,0.2794119119644165,0.9518113136291504,1,1,6,1
val,2,2,0.49999999999999994,0.5,-0.15367883443832397,0.9938076734542847,0,1,2,1
val,3,6,0.47543350077572744,0.5245664992242726,0.11950349807739258,0.9819815158843994,1,1,6,1
val,4,9,0.49999999999999994,0.5,0.8741030693054199,0.9240908622741699,1,1,9,1
val,5,9,0.4992501837994039,0.5007498162005961,0.9240813255310059,0.8999803066253662,1,1,9,1
val,6,8,0.49999999999999994,0.5,-0.46088021993637085,0.8878836631774902,0,1,8,1
val,7,4,0.49999999999999994,0.5,0.38043880462646484,0.9683539867401123,1,1,4,1
val,8,2,0.4827960914972405,0.5172039085027595,0.17520081996917725,0.9961212873458862,1,1,2,1
val,9,4,0.4911824010366104,0.5088175989633896,0.5060238838195801,0.9928547143936157,1,1,4,1
val,10,9,0.49961169848542747,0.5003883015145725,0.9392820596694946,0.9295928478240967,1,1,9,1
val,11,1,0.49999999999999994,0.5,0.06975042819976807,0.997275710105896,1,1,1,1
val,12,4,0.48388570302950457,0.5161142969704955,0.4568815231323242,0.8306388854980469,1,1,4,1
val,13,2,0.4705161938703176,0.5294838061296824,0.21754920482635498,0.9888148307800293,1,1,2,1
val,14,5,0.49999999999999994,0.5,0.006342887878417969,0.9881473779678345,1,1,5,1
val,15,7,0.49999999999999994,0.5,-0.5144955813884735,0.9758824110031128,0,1,7,1
val,16,4,0.4782893180594818,0.5217106819405182,0.37384188175201416,0.9468631744384766,1,1,4,1
val,17,8,0.4797821619785284,0.5202178380214716,-0.19215166568756104,0.9529995918273926,0,1,8,1
val,18,0,0.49999999999999994,0.5,0.10221648216247559,0.9398186206817627,1,1,0,1
val,19,1,0.4860915521488279,0.5139084478511722,0.31460297107696533,0.9975104331970215,1,1,1,1
val,20,1,0.47586668571955554,0.5241333142804445,0.10252594947814941,0.9940228462219238,1,1,1,1
val,21,8,0.46267720860617806,0.5373227913938219,-0.13105952739715576,0.9421868324279785,0,1,8,1
val,22,4,0.46972294170158685,0.5302770582984131,0.20605099201202393,0.9743826389312744,1,1,4,1
val,23,8,0.4467433308683409,0.5532566691316592,-0.3180614113807678,0.8362104892730713,0,1,8,1
val,24,5,0.4852781881786403,0.5147218118213597,0.12546980381011963,0.9843301773071289,1,1,5,1
val,25,2,0.4590187725584656,0.5409812274415344,0.17489290237426758,0.9977912902832031,1,1,2,1
val,26,8,0.4297574848899231,0.570242515110077,-0.2333657145500183,0.9282023906707764,0,1,8,1
val,27,6,0.4625586411256409,0.5374413588743592,-0.622903972864151,0.9428447484970093,0,1,6,1
val,28,4,0.4582723743401525,0.5417276256598476,0.42815494537353516,0.619708776473999,1,1,4,1
val,29,3,0.49999999999999994,0.5,0.36672043800354004,0.9905682802200317,1,1,3,1
val,30,6,0.4393568165394596,0.5606431834605403,-0.37371504306793213,0.9750188589096069,0,1,6,1
val,31,7,0.47766270346029643,0.5223372965397035,-0.026246726512908936,0.9756730794906616,1,1,7,1
val,32,4,0.45542549725570086,0.5445745027442992,0.44940781593322754,0.7897852659225464,1,1,4,1
val,33,1,0.46255782072440826,0.5374421792755917,0.46240878105163574,0.9975862503051758,1,1,1,1
val,34,1,0.45459839314625855,0.5454016068537415,0.22193360328674316,0.9971530437469482,1,1,1,1
val,35,4,0.4503758229802928,0.5496241770197072,0.4805772304534912,0.3509448766708374,1,1,4,1
val,36,6,0.4196260555782534,0.5803739444217466,0.3433138132095337,0.9861867427825928,1,1,6,1
val,37,0,0.48743923158613317,0.5125607684138669,-0.11248660087585449,0.5048960447311401,0,1,0,1
val,38,2,0.44681122532698125,0.5531887746730187,0.20877611637115479,0.9970206022262573,1,1,2,1
val,39,5,0.47242462084099424,0.5275753791590058,0.004838466644287109,-0.046536147594451904,1,0,5,1
val,40,8,0.41286900532884513,0.5871309946711549,-0.27668434381484985,0.8351900577545166,0,1,8,1
val,41,9,0.49975703659034315,0.5002429634096568,0.9378024339675903,0.901019811630249,1,1,9,1
val,42,2,0.4351915019018098,0.5648084980981902,-0.021596431732177734,0.9550900459289551,1,1,2,1
val,43,1,0.44312094696075727,0.5568790530392427,0.3788599967956543,0.9916547536849976,1,1,1,1
val,44,4,0.45229756559026535,0.5477024344097347,0.3615412712097168,0.7428668737411499,1,1,4,1
val,45,9,0.5003087758533343,0.49969122414666567,0.8635743856430054,0.5331888198852539,1,1,9,1
val,46,1,0.43410042399932025,0.5658995760006797,0.4765043258666992,0.9975591897964478,1,1,1,1
val,47,3,0.4906436309830782,0.5093563690169218,-0.1184036135673523,0.9949333667755127,0,1,3,1
val,48,2,0.4209170446168632,0.5790829553831368,0.15887367725372314,0.9943625926971436,1,1,2,1
val,49,0,0.47819232423488145,0.5218076757651186,0.09588217735290527,0.9970529079437256,1,1,0,1
val,50,5,0.4731924261480619,0.5268075738519381,0.23706483840942383,0.9366960525512695,1,1,5,1
val,51,3,0.4739713136265538,0.5260286863734462,0.21600937843322754,0.9950119256973267,1,1,3,1
val,52,9,0.5052643192196695,0.4947356807803305,0.9687244892120361,0.9134098291397095,1,1,9,1
val,53,4,0.446649870697025,0.553350129302975,0.3455839157104492,0.4732910394668579,1,1,4,1
val,54,2,0.408834027421086,0.591165972578914,0.2851654291152954,0.9960595369338989,1,1,2,1
val,55,1,0.42647238579108865,0.5735276142089114,-0.031213581562042236,0.9951646327972412,1,1,1,1
val,56,9,0.5060939067355144,0.49390609326448565,0.8925037384033203,0.748989462852478,1,1,9,1
val,57,3,0.4623454438064564,0.5376545561935435,0.25432121753692627,0.9961241483688354,1,1,3,1
val,58,8,0.3969377784473155,0.6030622215526845,-0.45853525400161743,0.6748241186141968,0,1,8,1
val,59,8,0.38097482715930403,0.6190251728406959,-0.4303761124610901,0.9368789196014404,0,1,8,1
val,60,6,0.4103275992533786,0.5896724007466214,-0.1071884036064148,0.9846445322036743,0,1,6,1
val,61,7,0.46270130196273984,0.5372986980372602,0.07574772834777832,0.975875973701477,1,1,7,1
val,62,8,0.3621408831585357,0.6378591168414642,-0.3945464491844177,0.9486443996429443,0,1,8,1
val,63,5,0.46275159951952305,0.537248400480477,0.2373441457748413,0.9603078365325928,1,1,5,1
val,64,1,0.41157682346903246,0.5884231765309675,0.4912738800048828,0.9859589338302612,1,1,1,1
val,65,6,0.3947205233609812,0.6052794766390188,0.0019398927688598633,0.9760370254516602,1,1,6,1
val,66,6,0.3810177276942113,0.6189822723057887,0.14415276050567627,0.9816676378250122,1,1,6,1
val,67,4,0.4447621527273406,0.5552378472726593,0.05727076530456543,0.9899728298187256,1,1,4,1
val,68,2,0.3986590271088607,0.6013409728911393,0.3223687410354614,0.9973794221878052,1,1,2,1
val,69,8,0.34414284097601994,0.6558571590239801,-0.37983185052871704,0.9452646970748901,0,1,8,1
val,70,1,0.4044667313516147,0.5955332686483853,0.32680392265319824,0.9980316162109375,1,1,1,1
val,71,5,0.4520049629661364,0.5479950370338635,0.3131810426712036,0.9901210069656372,1,1,5,1
val,72,0,0.46473015578691323,0.5352698442130868,0.7085245847702026,0.9970403909683228,1,1,0,1
val,73,9,0.5082460702511531,0.4917539297488469,0.9265178442001343,0.8824304342269897,1,1,9,1
val,74,1,0.39489913821997324,0.6051008617800268,0.4005312919616699,0.997220516204834,1,1,1,1
val,75,5,0.44199216730981067,0.5580078326901894,0.023569822311401367,0.9908311367034912,1,1,5,1
val,76,8,0.3269253204426427,0.6730746795573572,-0.25956010818481445,0.8442126512527466,0,1,8,1
val,77,7,0.4493294051888563,0.5506705948111437,-0.14101707935333252,0.9585777521133423,0,1,7,1
val,78,8,0.31302089696993646,0.6869791030300636,-0.15113162994384766,0.9537718296051025,0,1,8,1
val,79,5,0.42778829558793485,0.5722117044120651,-0.056122660636901855,0.9872969388961792,1,1,5,1
val,80,2,0.38909743797517155,0.6109025620248285,0.26323628425598145,0.9903393983840942,1,1,2,1
val,81,3,0.4513213653429587,0.5486786346570414,0.18752408027648926,0.9943364858627319,1,1,3,1
val,82,9,0.5089071410602419,0.49109285893975807,0.9124423265457153,0.848926305770874,1,1,9,1
val,83,7,0.4331187733037757,0.5668812266962243,-0.1029314398765564,0.9593383073806763,0,1,7,1
val,84,2,0.37891613748527403,0.6210838625147259,0.16762292385101318,0.9821349382400513,1,1,2,1
val,85,1,0.3864772659647718,0.6135227340352283,0.35154080390930176,0.99695885181427,1,1,1,1
val,86,6,0.3694218713172014,0.6305781286827986,0.04804384708404541,0.6096278429031372,1,1,6,1
val,87,9,0.5098594667670358,0.49014053323296425,0.9275413751602173,0.8082603216171265,1,1,9,1
val,88,6,0.3617499671953192,0.6382500328046807,0.009998679161071777,0.9795513153076172,1,1,6,1
val,89,9,0.5116476584655789,0.4883523415344211,0.8878277540206909,0.8712500333786011,1,1,9,1
val,90,1,0.37746244384170036,0.6225375561582996,0.472866415977478,0.9976119995117188,1,1,1,1
val,91,6,0.34871333234930807,0.6512866676506919,0.050902485847473145,0.972114086151123,1,1,6,1
val,92,7,0.4176247150988661,0.5823752849011339,-0.3866925835609436,0.903762936592102,0,1,7,1
val,93,4,0.43103922005796236,0.5689607799420376,0.24436664581298828,0.9660422801971436,1,1,4,1
val,94,9,0.5118961540982307,0.48810384590176925,0.8947305679321289,0.8079829216003418,1,1,9,1
val,95,4,0.42050915708605063,0.5794908429139494,0.4102938175201416,0.9261702299118042,1,1,4,1
val,96,5,0.4126307442654837,0.5873692557345163,0.12561941146850586,0.9643821716308594,1,1,5,1
val,97,2,0.36766797270455537,0.6323320272954447,0.24959313869476318,0.9794931411743164,1,1,2,1
val,98,6,0.33658597192271,0.66341402807729,-0.5196244716644287,0.9689021110534668,0,1,6,1
val,99,9,0.513196356417096,0.48680364358290396,0.9231563806533813,0.8360083103179932,1,1,9,1
val,100,9,0.5145023383744294,0.4854976616255706,0.8981515169143677,0.7355657815933228,1,1,9,1
val,101,7,0.3990740331730056,0.6009259668269944,0.004051327705383301,0.9753366708755493,1,1,7,1
val,102,9,0.5169381421868322,0.4830618578131678,0.8997824192047119,0.6738814115524292,1,1,9,1
val,103,0,0.460432376118861,0.539567623881139,0.56373131275177,0.997299075126648,1,1,0,1
val,104,6,0.31756091292666494,0.682439087073335,0.12154042720794678,0.9883954524993896,1,1,6,1
val,105,7,0.38534211904663973,0.6146578809533603,0.2643526792526245,0.9548430442810059,1,1,7,1
val,106,9,0.5203208337757018,0.4796791662242982,0.9214612245559692,0.9359111785888672,1,1,9,1
val,107,9,0.520104521770347,0.47989547822965295,0.8710453510284424,0.8902391195297241,1,1,9,1
val,108,7,0.37571532551033204,0.624284674489668,-0.38206446170806885,0.9673231840133667,0,1,7,1
val,109,3,0.4393983574164323,0.5606016425835677,0.20373749732971191,0.992500901222229,1,1,3,1
val,110,1,0.37021019374246744,0.6297898062575326,0.4342925548553467,0.9970494508743286,1,1,1,1
val,111,1,0.36251359651877624,0.6374864034812238,0.10150349140167236,0.9850506782531738,1,1,1,1
val,112,9,0.5198171817327406,0.4801828182672594,0.8348101377487183,0.8761023283004761,1,1,9,1
val,113,8,0.29952142189077674,0.7004785781092233,-0.6044056117534637,0.8379472494125366,0,1,8,1
val,114,0,0.45398777880956415,0.5460122211904359,0.6689507961273193,0.973410964012146,1,1,0,1
val,115,6,0.3068240706012337,0.6931759293987663,0.028685688972473145,0.9830732345581055,1,1,6,1
val,116,6,0.29530755426619454,0.7046924457338055,-0.17032718658447266,0.97939133644104,0,1,6,1
val,117,3,0.42782512742271644,0.5721748725772835,0.19944751262664795,0.9951231479644775,1,1,3,1
val,118,0,0.44947346243324576,0.5505265375667543,0.6726037263870239,0.9963785409927368,1,1,0,1
val,119,9,0.5191989629991228,0.4808010370008772,0.9429230690002441,0.9364659786224365,1,1,9,1
val,120,4,0.41303590865775136,0.5869640913422487,0.3665647506713867,-0.43091684579849243,1,0,3,0
val,121,4,0.4246081033374671,0.5753918966625329,0.431229829788208,0.7392653226852417,1,1,4,1
val,122,8,0.28255668688786206,0.7174433131121379,-0.43613606691360474,0.8455065488815308,0,1,8,1
val,123,5,0.40059205589896385,0.5994079441010361,0.2184126377105713,0.337308406829834,1,1,5,1
val,124,3,0.41624897648967796,0.583751023510322,0.221696138381958,0.9945793151855469,1,1,3,1
val,125,4,0.42012513325691875,0.5798748667430813,0.351956844329834,0.9862638711929321,1,1,4,1
val,126,3,0.4051131555595828,0.5948868444404172,0.34926092624664307,0.9798339605331421,1,1,3,1
val,127,9,0.5192956421629311,0.4807043578370689,0.935126543045044,0.9527887105941772,1,1,9,1
val,128,8,0.26812744089377555,0.7318725591062245,-0.39451003074645996,0.9464191198348999,0,1,8,1
val,129,8,0.2536958565730416,0.7463041434269584,0.036975979804992676,0.3995121717453003,1,1,8,1
val,130,8,0.24991217445929415,0.7500878255407059,-0.1002379059791565,0.9295111894607544,0,1,8,1
val,131,6,0.28187088889614587,0.7181291111038541,-0.3423572778701782,0.9474722146987915,0,1,6,1
val,132,8,0.23944051604763178,0.7605594839523682,-0.25436604022979736,0.9051222801208496,0,1,8,1
val,133,2,0.3577392718616003,0.6422607281383996,0.28118348121643066,0.9948921203613281,1,1,2,1
val,134,8,0.22813780614043017,0.7718621938595698,-0.10163801908493042,0.9557454586029053,0,1,8,1
val,135,5,0.3988971432926482,0.6011028567073518,-0.5332396924495697,0.9513425827026367,0,1,5,1
val,136,3,0.39611630583505353,0.6038836941649465,0.3088752031326294,0.9951976537704468,1,1,3,1
val,137,2,0.3481772958429643,0.6518227041570357,0.3041822910308838,0.9968045949935913,1,1,2,1
val,138,2,0.33904332680413524,0.6609566731958647,-0.016207337379455566,0.9909728765487671,1,1,2,1
val,139,3,0.38642299569091404,0.613577004309086,0.3169412612915039,0.9937598705291748,1,1,3,1
val,140,0,0.44468405769846986,0.5553159423015301,-0.14714699983596802,0.9903401136398315,0,1,0,1
val,141,6,0.26738032929397865,0.7326196707060213,-0.4541776180267334,0.919838547706604,0,1,6,1
val,142,2,0.3260296054854181,0.6739703945145818,0.2543123960494995,0.9980841875076294,1,1,2,1
val,143,1,0.3506080893440835,0.6493919106559165,0.4665679931640625,0.9681519269943237,1,1,1,1
val,144,3,0.3769728548786922,0.6230271451213079,0.14007484912872314,0.9934897422790527,1,1,3,1
val,145,1,0.34395110960953024,0.6560488903904698,0.47236740589141846,0.9963552951812744,1,1,1,1
val,146,0,0.42796550235807507,0.5720344976419249,0.537766695022583,0.9976457357406616,1,1,0,1
val,147,0,0.4212610565029742,0.5787389434970258,0.06269979476928711,0.9935786724090576,1,1,0,1
val,148,3,0.3652229984583148,0.6347770015416851,0.29863762855529785,0.9692814350128174,1,1,3,1
val,149,2,0.31663248764796065,0.6833675123520393,0.2035304307937622,0.9936769008636475,1,1,2,1
val,150,8,0.21827994878596602,0.781720051214034,-0.4141344428062439,0.8240295648574829,0,1,8,1
val,151,6,0.2526369113655772,0.7473630886344228,-0.23150092363357544,0.9530878067016602,0,1,6,1
val,152,1,0.3370787825413905,0.6629212174586094,0.47744905948638916,0.9950467348098755,1,1,1,1
val,153,4,0.41094611283023585,0.5890538871697641,0.09199857711791992,0.9932069778442383,1,1,4,1
val,154,5,0.3780018609866762,0.6219981390133238,0.24608492851257324,0.9855353832244873,1,1,5,1
val,155,4,0.3980380228834698,0.6019619771165302,0.33274972438812256,0.9887275695800781,1,1,4,1
val,156,5,0.36779560559753927,0.6322043944024607,0.23408710956573486,0.7992559671401978,1,1,5,1
val,157,0,0.4078027647393337,0.5921972352606664,0.7939038276672363,0.9963055849075317,1,1,0,1
val,158,7,0.35726018748362226,0.6427398125163777,-0.3245047330856323,0.9749242067337036,0,1,7,1
val,159,7,0.3399781444558982,0.6600218555441018,0.20788156986236572,0.6129856109619141,1,1,7,1
val,160,9,0.5190311901161085,0.48096880988389146,0.9414770603179932,0.9059908390045166,1,1,9,1
val,161,7,0.33469567790203836,0.6653043220979616,-0.1419532299041748,0.9738742113113403,0,1,7,1
val,162,9,0.5195625045628132,0.48043749543718683,0.933322548866272,0.9281076192855835,1,1,9,1
val,163,3,0.3561281303001612,0.6438718696998388,0.36628878116607666,0.9920319318771362,1,1,3,1
val,164,6,0.24050679980730094,0.7594932001926991,0.2034999132156372,0.9579802751541138,1,1,6,1
val,165,3,0.34775844313571624,0.6522415568642838,0.31775903701782227,0.9860767126083374,1,1,3,1
val,166,8,0.20727716489140774,0.7927228351085922,-0.13789767026901245,0.883540153503418,0,1,8,1
val,167,5,0.3600933187499066,0.6399066812500934,0.26892244815826416,0.9920759201049805,1,1,5,1
val,168,0,0.404898240432054,0.595101759567946,0.3090893030166626,0.9966814517974854,1,1,0,1
val,169,8,0.1986336041813444,0.8013663958186557,-0.43029242753982544,0.9350070953369141,0,1,8,1
val,170,0,0.39509421690727,0.60490578309273,0.009306788444519043,0.9975746870040894,1,1,0,1
val,171,7,0.3204184797027767,0.6795815202972233,-0.03061288595199585,0.9667950868606567,1,1,7,1
val,172,2,0.3068554528447091,0.6931445471552908,0.3669419288635254,0.9975577592849731,1,1,2,1
val,173,2,0.2992089234403833,0.7007910765596167,0.06382310390472412,0.931093692779541,1,1,2,1
val,174,6,0.2330624020774767,0.7669375979225233,0.21872186660766602,0.9867274761199951,1,1,6,1
val,175,8,0.18768059826535854,0.8123194017346415,0.030055880546569824,0.3917274475097656,1,1,8,1
val,176,0,0.3811876633924153,0.6188123366075847,0.3204028606414795,0.9972933530807495,1,1,0,1
val,177,0,0.3717996214027636,0.6282003785972363,0.5403120517730713,0.9964431524276733,1,1,0,1
val,178,1,0.3303750435278914,0.6696249564721086,0.10664641857147217,0.852067232131958,1,1,1,1
val,179,1,0.32087339930807446,0.6791266006919255,0.021851778030395508,0.997708797454834,1,1,1,1
val,180,0,0.36554055752986153,0.6344594424701384,0.4994378089904785,0.9971575736999512,1,1,0,1
val,181,8,0.18489222605199546,0.8151077739480046,-0.19628572463989258,0.955632209777832,0,1,8,1
val,182,9,0.5196405800853887,0.4803594199146113,0.8727817535400391,0.5671265125274658,1,1,9,1
val,183,7,0.3080092375576814,0.6919907624423186,-0.2358073592185974,0.9764817953109741,0,1,7,1
val,184,4,0.38875101053040795,0.611248989469592,-0.02842855453491211,0.9942067861557007,1,1,4,1
val,185,0,0.3587754696323297,0.6412245303676702,0.49008047580718994,0.9966458082199097,1,1,0,1
val,186,1,0.3087166245623878,0.6912833754376122,0.4193103313446045,0.997848391532898,1,1,1,1
val,187,0,0.3519621222515088,0.6480378777484912,0.3302903175354004,0.9951471090316772,1,1,0,1
val,188,5,0.3503692880017773,0.6496307119982228,0.2320467233657837,0.9751013517379761,1,1,5,1
val,189,5,0.3405387753401469,0.659461224659853,0.062471628189086914,0.9855586290359497,1,1,5,1
val,190,9,0.5242144826210169,0.4757855173789831,0.914337158203125,0.6837155818939209,1,1,9,1
val,191,0,0.34313437046223916,0.6568656295377608,0.2700871229171753,0.9968680143356323,1,1,0,1
val,192,4,0.3744748347323734,0.6255251652676266,0.5077763795852661,0.5883897542953491,1,1,4,1
val,193,6,0.22570927416413533,0.7742907258358647,-0.32055002450942993,0.9743796586990356,0,1,6,1
val,194,2,0.2889254377453581,0.7110745622546419,0.26483309268951416,0.9987797737121582,1,1,2,1
val,195,5,0.3285654765910513,0.6714345234089487,-0.12392300367355347,0.9863489866256714,0,1,5,1
val,196,8,0.1763205301044733,0.8236794698955268,-0.33271682262420654,0.7695392370223999,0,1,8,1
val,197,0,0.3336394227476918,0.6663605772523082,0.5807932615280151,0.9964296817779541,1,1,0,1
val,198,7,0.293394854201618,0.706605145798382,0.10635542869567871,0.8965440988540649,1,1,7,1
val,199,3,0.33894893211536875,0.6610510678846313,0.319435715675354,0.9951058626174927,1,1,3,1
val,200,7,0.284154406454697,0.715845593545303,0.2146531343460083,0.9773614406585693,1,1,7,1
val,201,7,0.2754539082150324,0.7245460917849675,-0.3324906826019287,0.9759825468063354,0,1,7,1
val,202,2,0.28043749158231707,0.7195625084176829,0.03852081298828125,0.9836385250091553,1,1,2,1
val,203,6,0.21382209786385792,0.7861779021361421,-0.7057422995567322,-0.6257860660552979,0,0,7,0
val,204,7,0.2610367218415629,0.7389632781584371,0.26635098457336426,0.9697844982147217,1,1,7,1
val,205,7,0.25355518915155695,0.746444810848443,0.24837660789489746,0.9467266798019409,1,1,7,1
val,206,2,0.2698026738788179,0.730197326121182,0.2926748991012573,0.9982805252075195,1,1,2,1
val,207,6,0.2131090194131835,0.7868909805868165,0.2360917329788208,0.9747240543365479,1,1,6,1
val,208,4,0.3733605601566925,0.6266394398433075,0.4680734872817993,0.9624717235565186,1,1,4,1
val,209,7,0.24631534459225263,0.7536846554077474,-0.48700469732284546,0.9768785238265991,0,1,7,1
val,210,0,0.32828472579147966,0.6717152742085204,0.5119142532348633,0.9921047687530518,1,1,0,1
val,211,7,0.23174786940136405,0.768252130598636,-0.18486493825912476,0.9243755340576172,0,1,7,1
val,212,2,0.26208257430372717,0.7379174256962728,0.2997291088104248,0.99824059009552,1,1,2,1
val,213,1,0.30166525426007973,0.6983347457399203,0.1956082582473755,0.9851380586624146,1,1,1,1
val,214,1,0.2922344295420344,0.7077655704579656,0.364912748336792,0.9977883100509644,1,1,1,1
val,215,0,0.3221685590793383,0.6778314409206617,0.45408034324645996,0.9956644773483276,1,1,0,1
val,216,4,0.36656405128404546,0.6334359487159545,0.4600628614425659,-0.5075042545795441,1,0,3,0
val,217,8,0.16854974458829378,0.8314502554117063,-0.4363487958908081,0.9275130033493042,0,1,8,1
val,218,2,0.25462684835905613,0.7453731516409439,0.16529512405395508,0.9985576868057251,1,1,2,1
val,219,2,0.24597735894274864,0.7540226410572514,0.2938849925994873,0.9931203126907349,1,1,2,1
val,220,9,0.5276622956205733,0.4723377043794267,0.9610294103622437,0.9238252639770508,1,1,9,1
val,221,5,0.31453273945454896,0.685467260545451,-0.16061973571777344,0.7472389936447144,0,1,5,1
val,222,1,0.28483806657782584,0.7151619334221742,0.4447665214538574,0.9974997043609619,1,1,1,1
val,223,0,0.31536276152807824,0.6846372384719217,0.21954798698425293,0.9961495399475098,1,1,0,1
val,224,9,0.5282182063590531,0.47178179364094686,0.8907496929168701,0.3414463996887207,1,1,9,1
val,225,0,0.3057787896953407,0.6942212103046592,0.35582685470581055,0.9953049421310425,1,1,0,1
val,226,4,0.37992457568510024,0.6200754243148998,0.44722461700439453,0.8519484996795654,1,1,4,1
val,227,5,0.3033707145290087,0.6966292854709912,-0.40912294387817383,0.9748368263244629,0,1,5,1
val,228,6,0.20663572618508835,0.7933642738149116,0.28429675102233887,0.7279067039489746,1,1,6,1
val,229,7,0.22125785205714305,0.7787421479428569,-0.21208912134170532,0.9704091548919678,0,1,7,1
val,230,4,0.3743065304794934,0.6256934695205065,0.482086181640625,0.9834760427474976,1,1,4,1
val,231,1,0.27849908024061365,0.7215009197593863,0.29608047008514404,0.9971886873245239,1,1,1,1
val,232,6,0.2028463986393365,0.7971536013606635,-0.20234984159469604,0.9305185079574585,0,1,6,1
val,233,2,0.23892510915645065,0.7610748908435494,0.21370935440063477,0.9937289953231812,1,1,2,1
val,234,9,0.5364150289532904,0.4635849710467096,0.9165747165679932,0.8957117795944214,1,1,9,1
val,235,8,0.15949982210611088,0.8405001778938891,-0.22764325141906738,0.902813196182251,0,1,8,1
val,236,7,0.21059200331768096,0.7894079966823191,0.24663329124450684,0.8119722604751587,1,1,7,1
val,237,6,0.1935006802652135,0.8064993197347865,0.21969842910766602,0.970730185508728,1,1,6,1
val,238,0,0.2980457715780265,0.7019542284219735,0.46991968154907227,0.9973791837692261,1,1,0,1
val,239,8,0.15245571375167205,0.847544286248328,-0.6910381317138672,0.9453094005584717,0,1,8,1
val,240,8,0.1429606155641576,0.8570393844358424,-0.31632697582244873,0.9437779188156128,0,1,8,1
val,241,9,0.5367259061748881,0.46327409382511187,0.8999965190887451,0.8736658096313477,1,1,9,1
val,242,9,0.5371182078998351,0.4628817921001649,0.9392542839050293,0.8610349893569946,1,1,9,1
val,243,9,0.538283261337943,0.461716738662057,0.837882399559021,0.8737901449203491,1,1,9,1
val,244,5,0.28691819614784586,0.7130818038521541,-0.33895188570022583,0.9807296991348267,0,1,5,1
val,245,0,0.29177751870842805,0.708222481291572,0.4361506700515747,0.9971221685409546,1,1,0,1
val,246,5,0.27188423744654233,0.7281157625534577,0.11775434017181396,0.26497137546539307,1,1,5,1
val,247,0,0.2852220467112405,0.7147779532887595,0.5896632671356201,0.9968338012695312,1,1,0,1
val,248,0,0.2805364330083717,0.7194635669916283,0.4545767307281494,0.9973974227905273,1,1,0,1
val,249,7,0.20567952529980016,0.7943204747001998,-0.020865678787231445,0.8863084316253662,1,1,7,1
val,250,8,0.13618760063335278,0.8638123993666472,-0.45345938205718994,0.9534400701522827,0,1,8,1
val,251,0,0.2743857040627998,0.7256142959372003,0.5028344392776489,0.9965612888336182,1,1,0,1
val,252,7,0.19804621313939563,0.8019537868606044,-0.4297420382499695,0.9319769144058228,0,1,7,1
val,253,3,0.33018417050657306,0.6698158294934269,0.22186899185180664,0.9947497844696045,1,1,3,1
val,254,7,0.1871563411099912,0.8128436588900088,-0.2768760323524475,0.9758826494216919,0,1,7,1
val,255,6,0.18756384443678142,0.8124361555632186,0.08223176002502441,0.9815131425857544,1,1,6,1
val,256,0,0.2688872660012684,0.7311127339987316,0.7245801687240601,0.9965393543243408,1,1,0,1
val,257,3,0.3203397981886729,0.6796602018113271,0.27449870109558105,0.9946876764297485,1,1,3,1
val,258,6,0.1807216365863944,0.8192783634136056,0.32791852951049805,0.8589935302734375,1,1,6,1
val,259,0,0.26589789150435217,0.7341021084956478,0.2673381567001343,0.9939297437667847,1,1,0,1
val,260,3,0.3113468171723987,0.6886531828276012,0.0938647985458374,0.9943075180053711,1,1,3,1
val,261,8,0.12914991026380082,0.8708500897361992,-0.17005079984664917,0.6937030553817749,0,1,8,1
val,262,3,0.3003556151695273,0.6996443848304728,0.33458757400512695,0.981442928314209,1,1,3,1
val,263,3,0.29263761011032496,0.707362389889675,0.03656744956970215,0.9929389953613281,1,1,3,1
val,264,7,0.17772634670855414,0.8222736532914459,0.027214407920837402,0.9772144556045532,1,1,7,1
val,265,8,0.13058549550477017,0.8694145044952298,-0.020233154296875,0.9526305198669434,1,1,8,1
val,266,1,0.2706225155176724,0.7293774844823275,0.4901479482650757,0.9914127588272095,1,1,1,1
val,267,4,0.36740531082017336,0.6325946891798266,0.15452063083648682,0.9945192337036133,1,1,4,1
val,268,5,0.2702475260543178,0.7297524739456822,0.23004913330078125,0.979951024055481,1,1,5,1
val,269,1,0.26510464943899054,0.7348953505610094,0.31531989574432373,0.9960925579071045,1,1,1,1
val,270,6,0.176815139608206,0.823184860391794,0.11597633361816406,0.9016770124435425,1,1,6,1
val,271,4,0.3559963893707796,0.6440036106292204,0.1270453929901123,0.9891567230224609,1,1,4,1
val,272,0,0.264314384120533,0.735685615879467,0.29303455352783203,0.9962567090988159,1,1,0,1
val,273,6,0.17121514737311921,0.8287848526268808,0.08115208148956299,0.9887393712997437,1,1,6,1
val,274,5,0.2620376677126171,0.737962332287383,0.2395538091659546,0.9514899253845215,1,1,5,1
val,275,3,0.28150549988592305,0.718494500114077,0.33935546875,0.9803441762924194,1,1,3,1
val,276,7,0.17094118004729125,0.8290588199527087,-0.20308196544647217,0.9504072666168213,0,1,7,1
val,277,8,0.13144607457861127,0.8685539254213888,-0.3460044264793396,0.7247891426086426,0,1,8,1
val,278,6,0.17136746400339514,0.8286325359966049,0.0973731279373169,0.9871915578842163,1,1,6,1
val,279,5,0.25444160920493014,0.7455583907950698,0.15232837200164795,0.9839814901351929,1,1,5,1
val,280,7,0.1631145641388955,0.8368854358611045,-0.298664391040802,0.9487172365188599,0,1,7,1
val,281,9,0.5377484892313877,0.46225151076861226,0.8920512199401855,0.8521252870559692,1,1,9,1
val,282,3,0.274233931620196,0.725766068379804,0.26880109310150146,0.9809392690658569,1,1,3,1
val,283,6,0.17162717972654526,0.8283728202734547,0.0442204475402832,0.9781448841094971,1,1,6,1
val,284,6,0.17159019661394384,0.8284098033860562,-0.2364446520805359,0.922888994216919,0,1,6,1
val,285,0,0.263074556860326,0.736925443139674,0.5070886611938477,0.9961636066436768,1,1,0,1
val,286,2,0.23128009817402617,0.7687199018259738,-0.1457800269126892,0.9853192567825317,0,1,2,1
val,287,0,0.2640243563192885,0.7359756436807114,-0.0411992073059082,0.8811367750167847,0,1,0,1
val,288,0,0.2607792980900379,0.7392207019099621,0.5307146310806274,0.9959757328033447,1,1,0,1
val,289,5,0.2458141835010762,0.7541858164989238,-0.19778919219970703,0.9915876388549805,0,1,5,1
val,290,2,0.22060907675966335,0.7793909232403367,0.2156144380569458,0.9800605773925781,1,1,2,1
val,291,8,0.13181949025884426,0.8681805097411557,-0.11592942476272583,0.6926193237304688,0,1,8,1
val,292,5,0.23393801804715064,0.7660619819528494,0.1359727382659912,-0.015961647033691406,1,0,5,1
val,293,0,0.2619540225755649,0.7380459774244351,0.4253396987915039,0.9975689649581909,1,1,0,1
val,294,7,0.15514305577684187,0.8448569442231582,-0.11534488201141357,0.9599545001983643,0,1,7,1
val,295,1,0.25776365981995014,0.7422363401800498,0.43878018856048584,0.9976983070373535,1,1,1,1
val,296,5,0.23542478564453606,0.7645752143554639,0.13958978652954102,0.9293328523635864,1,1,5,1
val,297,0,0.262102718316238,0.737897281683762,0.6958820819854736,0.9966325759887695,1,1,0,1
val,298,5,0.2277934826125883,0.7722065173874118,0.2307138442993164,0.9841670989990234,1,1,5,1
val,299,3,0.26633613424332625,0.7336638657566737,0.30785322189331055,0.9946165084838867,1,1,3,1
val,300,8,0.13333150086561116,0.8666684991343888,-0.2019062638282776,0.9517568349838257,0,1,8,1
val,301,3,0.2589018681758688,0.7410981318241312,0.19535088539123535,0.994916558265686,1,1,3,1
val,302,2,0.2136737642227292,0.7863262357772708,-0.2885253429412842,0.3868231773376465,0,1,2,1
val,303,6,0.1701680687424742,0.8298319312575257,0.01201474666595459,0.1146552562713623,1,1,6,1
val,304,9,0.5371119325769429,0.4628880674230571,0.8296425342559814,0.7972209453582764,1,1,9,1
val,305,4,0.34449789500440314,0.6555021049955969,0.4258277416229248,0.7723147869110107,1,1,4,1
val,306,6,0.1752079901585567,0.8247920098414433,-0.71505007147789,0.7955012321472168,0,1,6,1
val,307,4,0.3399396044825384,0.6600603955174615,0.4738483428955078,0.9416890144348145,1,1,4,1
val,308,6,0.17166248361572134,0.8283375163842787,-0.6238320767879486,0.8564759492874146,0,1,6,1
val,309,0,0.2646327374687093,0.7353672625312907,0.5890530347824097,0.995802640914917,1,1,0,1
val,310,0,0.26613110726759936,0.7338688927324006,0.7297930717468262,0.9964845180511475,1,1,0,1
val,311,5,0.22073580895026873,0.7792641910497313,0.20420217514038086,0.3895803689956665,1,1,5,1
val,312,3,0.2504735022599916,0.7495264977400085,0.4073542356491089,0.961557149887085,1,1,3,1
val,313,4,0.33384413373991445,0.6661558662600855,0.4098926782608032,0.0613865852355957,1,1,4,1
val,314,4,0.33837826771838136,0.6616217322816187,0.49042177200317383,0.3641918897628784,1,1,4,1
val,315,5,0.21903260506269173,0.7809673949373083,-0.23834383487701416,0.9904828071594238,0,1,5,1
val,316,1,0.25186905286742073,0.7481309471325792,0.39950335025787354,-0.12952470779418945,1,0,1,1
val,317,0,0.26874631198430926,0.7312536880156908,0.6993905305862427,0.9962327480316162,1,1,0,1
val,318,1,0.2574453983974509,0.742554601602549,0.48046672344207764,0.8418611288070679,1,1,1,1
val,319,6,0.16855513149335194,0.831444868506648,-0.25976717472076416,0.9549342393875122,0,1,6,1
val,320,7,0.1486669232426325,0.8513330767573675,0.05412578582763672,0.9657416343688965,1,1,7,1
val,321,5,0.2080723351737616,0.7919276648262383,0.3206934928894043,0.9150053262710571,1,1,5,1
val,322,4,0.3400299560112657,0.6599700439887344,0.4416905641555786,-0.46306777000427246,1,0,3,0
val,323,4,0.35644882588652815,0.6435511741134718,0.28670167922973633,0.8956290483474731,1,1,4,1
val,324,0,0.2709991285834315,0.7290008714165686,0.7140072584152222,0.9965180158615112,1,1,0,1
val,325,6,0.16709021933489276,0.8329097806651072,-0.11590707302093506,0.6664446592330933,0,1,6,1
val,326,4,0.35294216016540586,0.6470578398345941,0.05579543113708496,0.992232084274292,1,1,4,1
val,327,7,0.1494383701496365,0.8505616298503635,-0.09142321348190308,0.9756014347076416,1,1,7,1
val,328,6,0.1679688966495839,0.8320311033504161,0.3623620271682739,0.9871176481246948,1,1,6,1
val,329,2,0.20773091602909,0.79226908397091,0.3295491933822632,0.9970805644989014,1,1,2,1
val,330,3,0.2447755187662604,0.7552244812337396,0.06421363353729248,0.996597409248352,1,1,3,1
val,331,8,0.13327767894812761,0.8667223210518724,-0.3223998546600342,0.949892520904541,0,1,8,1
val,332,6,0.16962378315749843,0.8303762168425015,-0.5560763776302338,0.7994294166564941,0,1,6,1
val,333,6,0.167525640354132,0.832474359645868,0.09992563724517822,0.9440263509750366,1,1,6,1
val,334,2,0.20202514862190324,0.7979748513780968,0.19561338424682617,0.9917845726013184,1,1,2,1
val,335,8,0.13273042586081527,0.8672695741391847,-0.3861420750617981,0.56406569480896,0,1,8,1
val,336,7,0.14930501405219587,0.8506949859478041,-0.36414867639541626,0.9695955514907837,0,1,7,1
val,337,6,0.1680316255945622,0.8319683744054378,-0.7425477802753448,0.5588337182998657,0,1,6,1
val,338,5,0.20958103864774985,0.7904189613522501,0.2690775394439697,0.9886962175369263,1,1,5,1
val,339,4,0.3457117668249937,0.6542882331750063,0.3679332733154297,-0.7434461712837219,1,0,3,0
val,340,0,0.2732738731942034,0.7267261268057966,0.5014543533325195,0.9972500801086426,1,1,0,1
val,341,9,0.5364101878445934,0.4635898121554066,0.8815815448760986,0.7844326496124268,1,1,9,1
val,342,3,0.2354559331338955,0.7645440668661045,0.3803708553314209,0.8792002201080322,1,1,3,1
val,343,8,0.13352563433960854,0.8664743656603915,-0.02423226833343506,0.8649492263793945,1,1,8,1
val,344,2,0.20202914697414842,0.7979708530258516,0.19078469276428223,0.9935582876205444,1,1,2,1
val,345,6,0.16634413055411035,0.8336558694458897,0.15659701824188232,0.987567663192749,1,1,6,1
val,346,1,0.2536244271025493,0.7463755728974507,0.35735154151916504,0.9970574378967285,1,1,1,1
val,347,1,0.2533714351165696,0.7466285648834303,0.33757340908050537,0.9977200031280518,1,1,1,1
val,348,8,0.13453099674341043,0.8654690032565896,-0.3810471296310425,0.953815221786499,0,1,8,1
val,349,2,0.2019807639722489,0.7980192360277512,0.09119772911071777,0.9875844717025757,1,1,2,1
val,350,1,0.25293358802406385,0.7470664119759362,0.4418259859085083,0.9975746870040894,1,1,1,1
val,351,5,0.2099729205616126,0.7900270794383875,-0.16655808687210083,0.9834343194961548,0,1,5,1
val,352,0,0.2737429821207837,0.7262570178792163,0.18625366687774658,0.9967318773269653,1,1,0,1
val,353,0,0.27173598499840285,0.7282640150015971,-0.2843371629714966,0.9795938730239868,0,1,0,1
val,354,3,0.23060725061496318,0.7693927493850368,0.32007110118865967,0.9872934818267822,1,1,3,1
val,355,8,0.13374270971020125,0.8662572902897987,-0.20072507858276367,0.8813307285308838,0,1,8,1
val,356,8,0.1339572676030345,0.8660427323969655,-0.33784812688827515,0.940329909324646,0,1,8,1
val,357,0,0.26642531450387114,0.7335746854961289,0.3570120334625244,0.9975839853286743,1,1,0,1
val,358,8,0.13343477285362176,0.8665652271463782,-0.40659773349761963,0.9081128835678101,0,1,8,1
val,359,5,0.20693340573189622,0.7930665942681038,0.27844321727752686,0.9778586626052856,1,1,5,1
val,360,1,0.25351765955829036,0.7464823404417096,0.3102991580963135,0.997766375541687,1,1,1,1
val,361,8,0.13280897847833817,0.8671910215216618,-0.49920105934143066,0.4323403835296631,0,1,8,1
val,362,1,0.2528484114107131,0.7471515885892869,0.41922688484191895,0.9958579540252686,1,1,1,1
val,363,8,0.13355734514736695,0.866442654852633,-0.19735866785049438,0.9547301530838013,0,1,8,1
val,364,4,0.3631123729483455,0.6368876270516546,0.36914288997650146,0.6279079914093018,1,1,4,1
val,365,4,0.363758714128444,0.636241285871556,0.42621898651123047,0.947767972946167,1,1,4,1
val,366,0,0.2659469497063889,0.7340530502936111,0.44184017181396484,0.9970215559005737,1,1,0,1
val,367,3,0.224271133642457,0.775728866357543,-0.021677672863006592,0.9927252531051636,1,1,3,1
val,368,4,0.3613899252475463,0.6386100747524537,0.37222981452941895,-0.39241862297058105,1,0,3,0
val,369,6,0.16691047704668718,0.8330895229533128,-0.4383332133293152,0.8647477626800537,0,1,6,1
val,370,6,0.16532753624195934,0.8346724637580407,0.32432663440704346,0.97214674949646,1,1,6,1
val,371,7,0.14776229599161117,0.8522377040083888,0.09515094757080078,0.9302685260772705,1,1,7,1
val,372,4,0.37341693511347784,0.6265830648865222,0.3512526750564575,-0.7109485566616058,1,0,3,0
val,373,3,0.2149641604045915,0.7850358395954085,0.26483213901519775,0.82114577293396,1,1,3,1
val,374,7,0.14888185208166405,0.851118147918336,-0.214594304561615,0.9682029485702515,0,1,7,1
val,375,6,0.16669365582751,0.8333063441724899,0.00020015239715576172,0.9739915132522583,1,1,6,1
val,376,9,0.5366277469303328,0.46337225306966723,0.9167617559432983,0.9290801286697388,1,1,9,1
val,377,0,0.2660991297429607,0.7339008702570393,0.45865917205810547,0.9969940185546875,1,1,0,1
val,378,9,0.5353929931503977,0.4646070068496023,0.9134068489074707,0.8611671924591064,1,1,9,1
val,379,9,0.5350534179225742,0.4649465820774258,0.939745306968689,0.9029815196990967,1,1,9,1
val,380,7,0.14819612005893193,0.8518038799410681,-0.07442307472229004,0.9719828367233276,1,1,7,1
val,381,9,0.5345403687955415,0.46545963120445855,0.9018367528915405,0.8921283483505249,1,1,9,1
val,382,3,0.2166289209953371,0.7833710790046629,0.40616846084594727,0.9914642572402954,1,1,3,1
val,383,6,0.1665994482905782,0.8334005517094218,-0.01586204767227173,0.9864990711212158,1,1,6,1
val,384,1,0.25321355050447797,0.7467864494955221,0.46527040004730225,0.994047999382019,1,1,1,1
val,385,9,0.5337277834013884,0.4662722165986116,0.9426921606063843,0.9183015823364258,1,1,9,1
val,386,2,0.20122018312612616,0.7987798168738738,0.3071800470352173,0.9981913566589355,1,1,2,1
val,387,5,0.20752929586926344,0.7924707041307366,0.2721385955810547,0.9463289976119995,1,1,5,1
val,388,5,0.2082807050959426,0.7917192949040575,0.19603025913238525,0.9864993095397949,1,1,5,1
val,389,2,0.20202740769242933,0.7979725923075707,0.2208857536315918,0.9781613349914551,1,1,2,1
val,390,7,0.14821333962267152,0.8517866603773285,0.28673768043518066,0.4436103105545044,1,1,7,1
val,391,1,0.2539779035372079,0.7460220964627922,0.46359360218048096,0.991530179977417,1,1,1,1
val,392,5,0.20814908166534146,0.7918509183346585,0.17683899402618408,0.5165945291519165,1,1,5,1
val,393,9,0.5331306917931549,0.46686930820684513,0.8820575475692749,0.8911372423171997,1,1,9,1
val,394,9,0.5321799149330328,0.46782008506696715,0.9575324058532715,0.920533299446106,1,1,9,1
val,395,6,0.1663885412240682,0.8336114587759318,-0.11899763345718384,0.9880408048629761,0,1,6,1
val,396,4,0.388295404858985,0.6117045951410149,0.3930701017379761,-0.2982507348060608,1,0,3,0
val,397,8,0.13351471043824237,0.8664852895617576,-0.7325415313243866,0.5896292924880981,0,1,8,1
val,398,6,0.16575490538951132,0.8342450946104887,0.2347557544708252,0.9003118276596069,1,1,6,1
val,399,6,0.16693435376679616,0.8330656462332038,-0.17105162143707275,0.9879645109176636,0,1,6,1
val,400,2,0.20231191607986088,0.7976880839201391,0.17036879062652588,0.992933988571167,1,1,2,1
val,401,6,0.16610611562702302,0.833893884372977,-0.2050648331642151,0.9762870073318481,0,1,6,1
val,402,1,0.2547099981549855,0.7452900018450145,0.4338092803955078,0.996471643447876,1,1,1,1
val,403,4,0.39858560072274934,0.6014143992772507,0.35513341426849365,0.8792471885681152,1,1,4,1
val,404,0,0.26636269795769,0.7336373020423099,0.16485333442687988,0.9817279577255249,1,1,0,1
val,405,1,0.25511568003883023,0.7448843199611698,0.4619332551956177,0.9866079092025757,1,1,1,1
val,406,5,0.21122373300827502,0.788776266991725,0.198236346244812,0.9021751880645752,1,1,5,1
val,407,0,0.264712317685441,0.735287682314559,0.41125643253326416,0.9971449375152588,1,1,0,1
val,408,3,0.2179538021415554,0.7820461978584445,0.28130388259887695,0.9943640232086182,1,1,3,1
val,409,5,0.211622274756061,0.788377725243939,0.16259562969207764,0.9886795282363892,1,1,5,1
val,410,6,0.1652281083314593,0.8347718916685407,0.2502899169921875,0.7935229539871216,1,1,6,1
val,411,9,0.5317922500393155,0.4682077499606845,0.9386944770812988,0.949739933013916,1,1,9,1
val,412,1,0.2558101687138871,0.7441898312861128,0.3709312677383423,0.9976332187652588,1,1,1,1
val,413,9,0.5308986618501097,0.4691013381498903,0.9394235610961914,0.8494714498519897,1,1,9,1
val,414,3,0.21814445533571475,0.7818555446642852,0.39128565788269043,0.9890307188034058,1,1,3,1
val,415,4,0.3954426893166027,0.6045573106833972,0.4966707229614258,0.8889412879943848,1,1,4,1
val,416,1,0.2556609353144138,0.7443390646855862,0.48246705532073975,0.997738242149353,1,1,1,1
val,417,6,0.16681463801218888,0.8331853619878111,-0.3560951352119446,0.9635751247406006,0,1,6,1
val,418,6,0.16543508243169502,0.834564917568305,-0.31491559743881226,0.6725395917892456,0,1,6,1
val,419,4,0.39382852546286584,0.6061714745371342,0.26924586296081543,0.9781012535095215,1,1,4,1
val,420,6,0.16532811125170427,0.8346718887482958,-0.19577151536941528,0.9554368257522583,0,1,6,1
val,421,0,0.2646748264655469,0.735325173534453,0.2889348268508911,0.9979262351989746,1,1,0,1
val,422,6,0.16463871861308343,0.8353612813869166,0.3528198003768921,0.5049216747283936,1,1,6,1
val,423,3,0.21925425570047385,0.7807457442995261,0.256847620010376,0.9942302703857422,1,1,3,1
val,424,0,0.26383502836920447,0.7361649716307955,0.1586514711380005,0.9972630739212036,1,1,0,1
val,425,2,0.20212194386810473,0.7978780561318952,0.27553415298461914,0.9928120374679565,1,1,2,1
val,426,7,0.1525170385900708,0.8474829614099292,-0.5303071141242981,0.9711943864822388,0,1,7,1
val,427,5,0.21117066259757333,0.7888293374024267,0.20212030410766602,0.9126601219177246,1,1,5,1
val,428,8,0.13290327614236402,0.8670967238576359,-0.2643349766731262,0.9249991178512573,0,1,8,1
val,429,7,0.15026419198806149,0.8497358080119385,0.15018880367279053,0.9255193471908569,1,1,7,1
val,430,9,0.5311245148386569,0.46887548516134314,0.934111475944519,0.9448342323303223,1,1,9,1
val,431,7,0.15147170067494323,0.8485282993250568,-0.17334818840026855,0.9720144271850586,0,1,7,1
val,432,1,0.2563823524647465,0.7436176475352535,0.4393751621246338,0.9944232702255249,1,1,1,1
val,433,5,0.2115067466204621,0.7884932533795379,-0.3000485301017761,0.9737696647644043,0,1,5,1
val,434,8,0.1327551766136963,0.8672448233863037,-0.22680449485778809,0.5655738115310669,0,1,8,1
val,435,7,0.15096024917396006,0.8490397508260399,0.020108938217163086,0.9680545330047607,1,1,7,1
val,436,4,0.3891020658179124,0.6108979341820876,0.4952702522277832,0.7007933855056763,1,1,4,1
val,437,9,0.5302912152526947,0.46970878474730526,0.9361836910247803,0.9004518985748291,1,1,9,1
val,438,6,0.1675123736059404,0.8324876263940596,0.20463430881500244,0.3003298044204712,1,1,6,1
val,439,8,0.13388976258133312,0.8661102374186669,-0.19489705562591553,0.9029562473297119,0,1,8,1
val,440,5,0.20821197611285547,0.7917880238871445,0.15296530723571777,0.9425356388092041,1,1,5,1
val,441,6,0.1705477182719743,0.8294522817280257,-0.029018104076385498,0.9842337369918823,1,1,6,1
val,442,2,0.20266251617892206,0.7973374838210779,0.21465551853179932,0.9960944652557373,1,1,2,1
val,443,1,0.2567692422650697,0.7432307577349303,0.481747031211853,0.9961897134780884,1,1,1,1
val,444,0,0.26220485317840636,0.7377951468215936,0.5642820596694946,0.9968976974487305,1,1,0,1
val,445,7,0.15133862853796304,0.848661371462037,-0.1355012059211731,0.9632635116577148,0,1,7,1
val,446,6,0.170264951348309,0.829735048651691,-0.0023447275161743164,0.9842051267623901,1,1,6,1
val,447,1,0.25743993356895173,0.7425600664310483,0.46647000312805176,0.9948621988296509,1,1,1,1
val,448,5,0.20810640211420317,0.7918935978857968,0.08139252662658691,0.9914002418518066,1,1,5,1
val,449,4,0.38955528573737697,0.610444714262623,0.06880700588226318,0.9945790767669678,1,1,4,1
val,450,4,0.3830904115861916,0.6169095884138084,0.31724226474761963,0.9885257482528687,1,1,4,1
val,451,3,0.21920674432309917,0.7807932556769008,0.33856332302093506,0.9735324382781982,1,1,3,1
val,452,3,0.21994483651999325,0.7800551634800068,-0.014652729034423828,0.9951542615890503,1,1,3,1
val,453,4,0.3793190554470992,0.6206809445529008,0.31747758388519287,0.978354811668396,1,1,4,1
val,454,5,0.207277399875397,0.792722600124603,0.2589752674102783,0.9930917024612427,1,1,5,1
val,455,8,0.13401558387191465,0.8659844161280854,-0.4308288097381592,0.938770055770874,0,1,8,1
val,456,1,0.25798014265554947,0.7420198573444505,0.43352365493774414,0.9976586103439331,1,1,1,1
val,457,9,0.529968627385009,0.47003137261499095,0.8971327543258667,0.8763476610183716,1,1,9,1
val,458,8,0.13329426351094056,0.8667057364890595,-0.0044211745262146,0.9333213567733765,1,1,8,1
val,459,8,0.1339122032244414,0.8660877967755586,-0.02520465850830078,0.9170950651168823,1,1,8,1
val,460,1,0.25824288744808266,0.7417571125519173,0.3741466999053955,0.9954549074172974,1,1,1,1
val,461,2,0.20274729964020854,0.7972527003597915,-0.14321255683898926,0.9892333745956421,0,1,2,1
val,462,4,0.3758227174179568,0.6241772825820432,0.39278292655944824,0.9244123697280884,1,1,4,1
val,463,4,0.37362929782485277,0.6263707021751472,0.2859377861022949,0.9886325597763062,1,1,4,1
val,464,4,0.3700618383724797,0.6299381616275204,0.2722752094268799,0.9903011322021484,1,1,4,1
val,465,6,0.17008473540183242,0.8299152645981676,0.3256678581237793,0.962688684463501,1,1,6,1
val,466,5,0.20752557215293366,0.7924744278470663,0.25717198848724365,0.9747563600540161,1,1,5,1
val,467,7,0.15105407724394587,0.8489459227560541,-0.0798485279083252,0.9736407995223999,1,1,7,1
val,468,3,0.2178609464716464,0.7821390535283537,0.13740921020507812,0.9954484701156616,1,1,3,1
val,469,7,0.15097203195827302,0.849027968041727,0.23246610164642334,0.9357789754867554,1,1,7,1
val,470,6,0.17110674550469795,0.828893254495302,0.028066158294677734,0.9799010753631592,1,1,6,1
val,471,0,0.2631753752646272,0.7368246247353728,0.11649680137634277,0.7772694826126099,1,1,0,1
val,472,3,0.21698860369881923,0.7830113963011808,0.23459875583648682,0.9889479875564575,1,1,3,1
val,473,4,0.3665282218090477,0.6334717781909522,-0.44755834341049194,0.9942679405212402,0,1,4,1
val,474,2,0.20055750585380222,0.7994424941461977,0.20718061923980713,0.9984084367752075,1,1,2,1
val,475,9,0.5295115269389747,0.47048847306102526,0.8893659114837646,0.8054616451263428,1,1,9,1
val,476,5,0.20785862373309805,0.792141376266902,0.25762367248535156,0.9644856452941895,1,1,5,1
val,477,7,0.15232850339160808,0.8476714966083919,-0.42809319496154785,0.9660429954528809,0,1,7,1
val,478,2,0.20062813086216597,0.799371869137834,0.35924410820007324,0.9969698190689087,1,1,2,1
val,479,5,0.2082385033616887,0.7917614966383113,0.18902063369750977,0.9573794603347778,1,1,5,1
val,480,3,0.21688588227479466,0.7831141177252053,0.2115938663482666,0.9958570003509521,1,1,3,1
val,481,2,0.2016371316602984,0.7983628683397016,0.3345726728439331,0.9985792636871338,1,1,2,1
val,482,3,0.2165852041299488,0.7834147958700513,0.4076681137084961,0.9085838794708252,1,1,3,1
val,483,7,0.1508569599416263,0.8491430400583737,-0.3350335955619812,0.9407976865768433,0,1,7,1
val,484,9,0.529689080895855,0.470310919104145,0.8624783754348755,0.755070686340332,1,1,9,1
val,485,2,0.20244455779942688,0.7975554422005731,0.32440507411956787,0.9982701539993286,1,1,2,1
val,486,1,0.25809648073786967,0.7419035192621304,0.4771101474761963,0.159501314163208,1,1,1,1
val,487,8,0.13449609712977106,0.8655039028702289,-0.01769232749938965,-0.4009699821472168,1,0,7,0
val,488,7,0.1499227272161343,0.8500772727838657,0.260333776473999,0.9574964046478271,1,1,7,1
val,489,4,0.35726738698323124,0.6427326130167688,-0.040369510650634766,0.9920191764831543,1,1,4,1
val,490,3,0.2181815927873182,0.7818184072126818,0.18828201293945312,0.9935144186019897,1,1,3,1
val,491,0,0.26271044921013903,0.7372895507898609,-0.09542542695999146,0.9908103942871094,0,1,0,1
val,492,8,0.13906982657611486,0.8609301734238851,-0.04290056228637695,0.25640666484832764,1,1,8,1
val,493,7,0.15122660206389552,0.8487733979361045,0.08460700511932373,0.8272205591201782,1,1,7,1
val,494,9,0.5300831052134782,0.46991689478652177,0.9357421398162842,0.8801150321960449,1,1,9,1
val,495,9,0.5299774146251344,0.47002258537486563,0.9252299070358276,0.9005959033966064,1,1,9,1
val,496,6,0.17103497153154934,0.8289650284684507,-0.08622956275939941,0.9861013889312744,0,1,6,1
val,497,4,0.35170623990419675,0.6482937600958032,0.3609745502471924,0.10614097118377686,1,1,4,1
val,498,4,0.35632996566304737,0.6436700343369526,0.3551675081253052,0.6395577192306519,1,1,4,1
val,499,3,0.21772629831215906,0.7822737016878409,0.39158380031585693,0.9094879627227783,1,1,3,1
val,500,5,0.20826127681959006,0.7917387231804099,0.279199481010437,0.8631672859191895,1,1,5,1
val,501,4,0.35668417640836414,0.6433158235916359,0.4086958169937134,0.7119739055633545,1,1,4,1
val,502,6,0.17056553751929626,0.8294344624807037,-0.02338796854019165,0.9608995914459229,1,1,6,1
val,503,0,0.2597180988927668,0.7402819011072332,-0.13133442401885986,0.9904946088790894,0,1,0,1
val,504,4,0.35688396080898416,0.6431160391910158,0.43684637546539307,0.6631096601486206,1,1,4,1
val,505,6,0.17039889826380716,0.8296011017361928,0.017416834831237793,0.905951738357544,1,1,6,1
val,506,8,0.14153786017751963,0.8584621398224803,-0.695672482252121,0.9551756381988525,0,1,8,1
val,507,5,0.20928781090064824,0.7907121890993518,0.20589697360992432,0.46669554710388184,1,1,5,1
val,508,9,0.5295926469990074,0.47040735300099257,0.9196367263793945,0.8667569160461426,1,1,9,1
val,509,6,0.17054482533294696,0.8294551746670531,0.4044071435928345,0.9796891212463379,1,1,6,1
val,510,1,0.26441374571433274,0.7355862542856673,0.4298452138900757,0.9971704483032227,1,1,1,1
val,511,1,0.26450807184417535,0.7354919281558246,0.1310570240020752,0.9708985090255737,1,1,1,1
val,512,3,0.21912085489079042,0.7808791451092096,0.3065612316131592,0.9889489412307739,1,1,3,1
val,513,4,0.357643349314901,0.6423566506850991,0.4191969633102417,0.9500799179077148,1,1,4,1
val,514,4,0.35617487860968305,0.643825121390317,0.4243314266204834,0.4926736354827881,1,1,4,1
val,515,6,0.1716819182137474,0.8283180817862525,0.029888391494750977,0.9777249097824097,1,1,6,1
val,516,5,0.21202238483827535,0.7879776151617246,0.27733170986175537,0.9889053106307983,1,1,5,1
val,517,0,0.2566562766833414,0.7433437233166587,0.7272109985351562,0.9956910610198975,1,1,0,1
val,518,2,0.20315932690862537,0.7968406730913746,0.34031450748443604,0.9551841020584106,1,1,2,1
val,519,2,0.20418642096032497,0.795813579039675,0.12289941310882568,0.8393064737319946,1,1,2,1
val,520,8,0.13984146597139735,0.8601585340286027,0.1446678638458252,0.9368058443069458,1,1,8,1
val,521,6,0.1716191892374063,0.8283808107625937,0.2630500793457031,0.9879150390625,1,1,6,1
val,522,0,0.25857724085201506,0.7414227591479849,0.23130226135253906,0.9941698312759399,1,1,0,1
val,523,0,0.25765856880622906,0.7423414311937709,0.1359269618988037,0.9967503547668457,1,1,0,1
val,524,2,0.20459429475827023,0.7954057052417298,0.3272203207015991,0.9820905923843384,1,1,2,1
val,525,4,0.3580409257942924,0.6419590742057075,0.42235732078552246,0.9483799934387207,1,1,4,1
val,526,0,0.2562367840620524,0.7437632159379476,0.5890158414840698,0.9971266984939575,1,1,0,1
val,527,8,0.14074969252027578,0.8592503074797242,-0.21363872289657593,0.792862057685852,0,1,8,1
val,528,4,0.3566491914939469,0.6433508085060531,0.40664076805114746,0.5057913064956665,1,1,4,1
val,529,6,0.17224949022555025,0.8277505097744497,0.347148060798645,0.6660287380218506,1,1,6,1
val,530,8,0.14100501044828098,0.858994989551719,-0.5961133241653442,0.7276206016540527,0,1,8,1
val,531,1,0.26278602673305984,0.7372139732669402,0.4748497009277344,0.9932209253311157,1,1,1,1
val,532,2,0.2053287930183143,0.7946712069816857,0.03875768184661865,0.9461181163787842,1,1,2,1
val,533,9,0.529476360046453,0.47052363995354696,0.9606637954711914,0.9035340547561646,1,1,9,1
val,534,5,0.21226972553003354,0.7877302744699665,0.22768938541412354,0.8717224597930908,1,1,5,1
val,535,1,0.26322703257815294,0.7367729674218471,0.4390641450881958,0.9957243204116821,1,1,1,1
val,536,0,0.25730814762729126,0.7426918523727087,0.6354109048843384,0.9971245527267456,1,1,0,1
val,537,3,0.21942964881553678,0.7805703511844633,-0.32139259576797485,0.9774907827377319,0,1,3,1
val,538,9,0.529401969145474,0.470598030854526,0.8587144613265991,0.8512248992919922,1,1,9,1
val,539,8,0.14034327602469598,0.859656723975304,-0.3141785264015198,0.8991003036499023,0,1,8,1
val,540,6,0.17411794843208347,0.8258820515679165,-0.6277593374252319,0.7856602668762207,0,1,6,1
val,541,6,0.1726062246581999,0.8273937753418001,0.33608031272888184,0.9499682188034058,1,1,6,1
val,542,0,0.2585952338587126,0.7414047661412875,0.3917139768600464,0.9685643911361694,1,1,0,1
val,543,8,0.14001651289186856,0.8599834871081314,-0.18217438459396362,0.8817511796951294,0,1,8,1
val,544,9,0.5289026579198144,0.4710973420801856,0.9079060554504395,0.8975261449813843,1,1,9,1
val,545,1,0.26340678608355056,0.7365932139164495,0.33223795890808105,0.9964402914047241,1,1,1,1
val,546,4,0.3582334782877437,0.6417665217122563,0.3592127561569214,0.7566766738891602,1,1,4,1
val,547,3,0.2159838401171636,0.7840161598828363,0.04775440692901611,0.9943243265151978,1,1,3,1
val,548,1,0.26290668462011024,0.7370933153798898,0.47670280933380127,0.9913018941879272,1,1,1,1
val,549,8,0.1401115345836894,0.8598884654163106,-0.4503439664840698,0.9558793306350708,0,1,8,1
val,550,7,0.15231820076674685,0.8476817992332532,0.20202398300170898,0.9782320261001587,1,1,7,1
val,551,7,0.1532494717028604,0.8467505282971396,-0.030915558338165283,0.9754985570907593,1,1,7,1
val,552,3,0.21479090022040093,0.7852090997795991,0.14712882041931152,0.9962258338928223,1,1,3,1
val,553,0,0.25871249815106767,0.7412875018489323,0.4551461935043335,0.9976769685745239,1,1,0,1
val,554,7,0.15330536094374134,0.8466946390562586,-0.15133333206176758,0.9763935804367065,0,1,7,1
val,555,5,0.21286064856729608,0.7871393514327039,-0.3677957057952881,0.8945404291152954,0,1,5,1
val,556,8,0.13928162786281192,0.860718372137188,-0.4000852108001709,0.9484305381774902,0,1,8,1
val,557,4,0.35775173460681436,0.6422482653931856,0.3663903474807739,0.6131531000137329,1,1,4,1
val,558,4,0.3582868253880501,0.6417131746119499,0.3586667776107788,0.9875601530075073,1,1,4,1
val,559,3,0.21421107258137007,0.7857889274186299,0.3645881414413452,0.9932162761688232,1,1,3,1
val,560,7,0.15292463372778783,0.8470753662722121,-0.36602795124053955,0.9765063524246216,0,1,7,1
val,561,2,0.20465365797022922,0.7953463420297708,-0.10157084465026855,0.9035154581069946,0,1,2,1
val,562,8,0.13863648238394854,0.8613635176160515,0.1079857349395752,0.4842766523361206,1,1,8,1
val,563,5,0.21027370554683433,0.7897262944531657,-0.019639551639556885,0.9901782274246216,1,1,5,1
val,564,9,0.5284465638460965,0.47155343615390355,0.8375388383865356,0.8460168838500977,1,1,9,1
val,565,1,0.26334376239702484,0.7366562376029752,0.47041749954223633,0.9851747751235962,1,1,1,1
val,566,1,0.26376428134063934,0.7362357186593607,0.4590367078781128,0.9743857383728027,1,1,1,1
val,567,8,0.14053812810586414,0.8594618718941358,-0.31502705812454224,0.8628861904144287,0,1,8,1
val,568,4,0.35630946046349404,0.643690539536506,0.2661316394805908,0.943656325340271,1,1,4,1
val,569,7,0.15181132159393168,0.8481886784060684,0.3508167266845703,0.7541117668151855,1,1,7,1
val,570,4,0.35408981383158994,0.64591018616841,0.4464871883392334,-0.05015832185745239,1,0,4,1
val,571,4,0.35935316599525924,0.6406468340047408,0.4779568910598755,0.976341962814331,1,1,4,1
val,572,4,0.35826078984537246,0.6417392101546275,0.43975138664245605,0.7955623865127563,1,1,4,1
val,573,3,0.2148904979058886,0.7851095020941115,0.37900590896606445,0.9954757690429688,1,1,3,1
val,574,3,0.21561129046189342,0.7843887095381066,0.3497638702392578,0.9908219575881958,1,1,3,1
val,575,3,0.21617224428201726,0.7838277557179827,0.1265411376953125,0.9955868721008301,1,1,3,1
val,576,7,0.15396497706946993,0.84603502293053,-0.6017868220806122,0.6035505533218384,0,1,7,1
val,577,6,0.17353274775942618,0.8264672522405738,-0.11308908462524414,0.9765899181365967,0,1,6,1
val,578,7,0.15332795660858062,0.8466720433914194,-0.3275739550590515,0.9734246730804443,0,1,7,1
val,579,7,0.15240121030680767,0.8475987896931924,-0.5180097818374634,0.9738876819610596,0,1,7,1
val,580,8,0.1403247876196288,0.8596752123803713,-0.7254122197628021,0.45928001403808594,0,1,8,1
val,581,2,0.20348973508627322,0.7965102649137268,0.2584635019302368,0.9987338781356812,1,1,2,1
val,582,4,0.35807809217200404,0.641921907827996,0.451030969619751,0.9263654947280884,1,1,4,1
val,583,8,0.14010136211395902,0.8598986378860409,-0.23595720529556274,0.9508329629898071,0,1,8,1
val,584,3,0.21550157288782573,0.7844984271121742,-0.15647375583648682,0.9958734512329102,0,1,3,1
val,585,1,0.2641665364101936,0.7358334635898064,-0.030935823917388916,0.997292160987854,1,1,1,1
val,586,1,0.2615761458139273,0.7384238541860727,0.4777778387069702,0.9966481924057007,1,1,1,1
val,587,8,0.13988005747761897,0.860119942522381,-0.42030900716781616,0.4409315586090088,0,1,8,1
val,588,2,0.20375294511997877,0.7962470548800212,0.34907543659210205,0.9959992170333862,1,1,2,1
val,589,2,0.20448318747545213,0.7955168125245479,0.3197591304779053,0.9982360601425171,1,1,2,1
val,590,5,0.20905884098375987,0.7909411590162401,0.11706912517547607,0.9838775396347046,1,1,5,1
val,591,9,0.5278507623781374,0.47214923762186256,0.8325387239456177,0.8503934144973755,1,1,9,1
val,592,9,0.5272000967180427,0.4727999032819573,0.9146410226821899,0.8376079797744751,1,1,9,1
val,593,2,0.20502853016890282,0.7949714698310972,0.06107771396636963,0.9754308462142944,1,1,2,1
val,594,2,0.20439049464462633,0.7956095053553737,0.34459733963012695,0.994998574256897,1,1,2,1
val,595,5,0.20858659793349915,0.7914134020665009,0.17526400089263916,0.9822667837142944,1,1,5,1
val,596,7,0.15090200953298433,0.8490979904670157,0.235540509223938,0.9384561777114868,1,1,7,1
val,597,3,0.2133964493339317,0.7866035506660682,0.35140156745910645,0.9956879615783691,1,1,3,1
val,598,5,0.2084162456101919,0.7915837543898081,0.19735848903656006,0.802789568901062,1,1,5,1
val,599,0,0.25900362204468486,0.7409963779553151,0.3414883613586426,0.9888392686843872,1,1,0,1
val,600,5,0.2091932393692834,0.7908067606307165,0.28997063636779785,0.9764602184295654,1,1,5,1
val,601,2,0.20505265850298376,0.7949473414970163,0.32421207427978516,0.9971915483474731,1,1,2,1
val,602,2,0.205584778509057,0.794415221490943,0.18992900848388672,0.9603506326675415,1,1,2,1
val,603,4,0.3571785831931294,0.6428214168068707,0.4336503744125366,0.9168117046356201,1,1,4,1
val,604,9,0.5273323161860322,0.47266768381396784,0.792109489440918,-0.18630939722061157,1,0,9,1
val,605,3,0.21394545866737247,0.7860545413326275,0.2908968925476074,0.9903246164321899,1,1,3,1
val,606,2,0.20564226374799627,0.7943577362520038,0.09365308284759521,0.9487917423248291,1,1,2,1
val,607,5,0.2095720809328553,0.7904279190671447,0.04507887363433838,0.03500258922576904,1,1,5,1
val,608,8,0.14046551084063336,0.8595344891593666,-0.0796579122543335,0.9564467668533325,0,1,8,1
val,609,6,0.17302869274043287,0.8269713072595671,-0.30078625679016113,0.9848947525024414,0,1,6,1
val,610,3,0.21420114922502026,0.7857988507749798,0.4277489185333252,0.9846611022949219,1,1,3,1
val,611,2,0.20530851260398497,0.794691487396015,0.3241081237792969,0.9975149631500244,1,1,2,1
val,612,8,0.14061048227997158,0.8593895177200284,-0.5488945245742798,0.9061896800994873,0,1,8,1
val,613,6,0.17197278314913314,0.8280272168508669,-0.1752392053604126,0.9617584943771362,0,1,6,1
val,614,8,0.13975076491319927,0.8602492350868007,-0.08367455005645752,0.85504150390625,0,1,8,1
val,615,1,0.2619798115896434,0.7380201884103565,0.4624117612838745,0.9973937273025513,1,1,1,1
val,616,3,0.21514549259667543,0.7848545074033246,0.3727715015411377,0.9591531753540039,1,1,3,1
val,617,9,0.5345421727516362,0.4654578272483638,0.6921210289001465,-0.6899697780609131,1,0,9,1
val,618,7,0.15194958521182284,0.8480504147881771,-0.4603641629219055,0.8844727277755737,0,1,7,1
val,619,5,0.21312196923953092,0.786878030760469,0.19150185585021973,0.9136233329772949,1,1,5,1
val,620,5,0.21326617227310873,0.7867338277268913,0.1754089593887329,0.8550461530685425,1,1,5,1
val,621,2,0.20580681313069082,0.7941931868693092,0.0217897891998291,0.9186245203018188,1,1,2,1
val,622,5,0.21359513955004722,0.7864048604499527,0.12028801441192627,0.8100827932357788,1,1,5,1
val,623,4,0.35626023023352876,0.6437397697664713,0.2732987403869629,0.9867745637893677,1,1,4,1
val,624,8,0.14012956550873296,0.8598704344912671,-0.07452023029327393,0.8029255867004395,0,1,8,1
val,625,8,0.14064149779850757,0.8593585022014925,-0.4700266122817993,0.8993948698043823,0,1,8,1
val,626,9,0.5445898444965065,0.4554101555034935,0.9505407810211182,0.9267809391021729,1,1,9,1
val,627,9,0.5440184086818787,0.4559815913181213,0.8733388185501099,0.9310991764068604,1,1,9,1
val,628,6,0.17137409925535035,0.8286259007446497,-0.18218594789505005,0.9760011434555054,0,1,6,1
val,629,1,0.26227993038541286,0.7377200696145871,0.43698883056640625,0.9961469173431396,1,1,1,1
val,630,7,0.1509686993978857,0.8490313006021143,-0.10315167903900146,0.9746290445327759,0,1,7,1
val,631,3,0.21591761194721104,0.784082388052789,-0.17208075523376465,0.7488538026809692,0,1,3,1
val,632,9,0.5428601080519794,0.4571398919480206,0.9086169004440308,0.6439386606216431,1,1,9,1
val,633,5,0.21386916902184655,0.7861308309781534,0.14248478412628174,-0.6139193475246429,1,0,4,0
val,634,7,0.15083663472654082,0.8491633652734591,-0.11661064624786377,0.9606717824935913,0,1,7,1
val,635,3,0.21507703900226183,0.7849229609977382,0.13059616088867188,0.9924672842025757,1,1,3,1
val,636,1,0.26243712168559125,0.7375628783144088,0.45285212993621826,0.996062159538269,1,1,1,1
val,637,3,0.21454226159893708,0.7854577384010629,0.3006405830383301,0.9936560392379761,1,1,3,1
val,638,4,0.35402432686176427,0.6459756731382358,-0.04419773817062378,0.9868203401565552,1,1,4,1
val,639,4,0.350042600400505,0.649957399599495,-0.0005338788032531738,0.9938344955444336,1,1,4,1
val,640,3,0.21479605189483375,0.7852039481051662,0.32380878925323486,0.9940357208251953,1,1,3,1
val,641,4,0.34640336088494966,0.6535966391150503,0.40029025077819824,-0.3771539330482483,1,0,3,0
val,642,3,0.21514407422747928,0.7848559257725207,0.36583924293518066,0.9942259788513184,1,1,3,1
val,643,8,0.1400125667607819,0.8599874332392181,0.057648658752441406,0.4817788600921631,1,1,8,1
val,644,7,0.15071060130473407,0.8492893986952659,0.0392383337020874,0.9592689275741577,1,1,7,1
val,645,4,0.35269308884935513,0.6473069111506449,0.32446980476379395,0.9903908967971802,1,1,4,1
val,646,5,0.2204883893143853,0.7795116106856147,-0.37883561849594116,0.9897887706756592,0,1,5,1
val,647,5,0.21769070076029418,0.7823092992397058,0.23750054836273193,0.9760130643844604,1,1,5,1
val,648,5,0.21768442586031667,0.7823155741396833,0.16154909133911133,0.8379981517791748,1,1,5,1
val,649,1,0.26267547984586687,0.7373245201541332,0.359211802482605,0.9963744878768921,1,1,1,1
val,650,8,0.1415415776104057,0.8584584223895944,-0.24550843238830566,0.9124985933303833,0,1,8,1
val,651,0,0.2587517715650784,0.7412482284349216,0.6465235948562622,0.9970458745956421,1,1,0,1
val,652,6,0.1707346827287003,0.8292653172712997,-0.04273509979248047,0.982590913772583,1,1,6,1
val,653,8,0.14138660703607045,0.8586133929639296,-0.1087917685508728,0.8428195714950562,0,1,8,1
val,654,7,0.15105040643125156,0.8489495935687484,-0.4867168664932251,0.9564322233200073,0,1,7,1
val,655,9,0.5440962424906284,0.4559037575093716,0.9220020771026611,0.9055140018463135,1,1,9,1
val,656,0,0.25999770554691676,0.7400022944530833,0.5629410743713379,0.9911404848098755,1,1,0,1
val,657,0,0.2608241367076907,0.7391758632923093,0.5675262212753296,0.9961073398590088,1,1,0,1
val,658,4,0.350901114609997,0.649098885390003,0.4985637664794922,0.7252525091171265,1,1,4,1
val,659,7,0.14987203665632454,0.8501279633436755,-0.0028322339057922363,0.9676827192306519,1,1,7,1
val,660,3,0.21566657726520605,0.784333422734794,0.17322075366973877,0.9918078184127808,1,1,3,1
val,661,3,0.21534374313377225,0.7846562568662278,0.0024536848068237305,0.993272066116333,1,1,3,1
val,662,3,0.21429602099327583,0.7857039790067242,0.10410404205322266,0.9913640022277832,1,1,3,1
val,663,9,0.5435080212036537,0.4564919787963463,0.8905349969863892,0.5677133798599243,1,1,9,1
val,664,9,0.545105482753114,0.454894517246886,0.954803466796875,0.9164983034133911,1,1,9,1
val,665,1,0.2624059125483554,0.7375940874516447,0.2731196880340576,0.9970576763153076,1,1,1,1
val,666,6,0.17047921126903234,0.8295207887309677,0.3431178331375122,0.8997899293899536,1,1,6,1
val,667,4,0.3515382598525098,0.6484617401474901,0.3512076139450073,0.9663927555084229,1,1,4,1
val,668,4,0.35008322491765564,0.6499167750823444,0.5103816986083984,0.9227204322814941,1,1,4,1
val,669,7,0.15006930804871071,0.8499306919512892,-0.18051832914352417,0.9755237102508545,0,1,7,1
val,670,7,0.14974537393956439,0.8502546260604356,-0.23062413930892944,0.9784952402114868,0,1,7,1
val,671,0,0.2616258055143868,0.7383741944856133,0.5454905033111572,0.9972144365310669,1,1,0,1
val,672,2,0.20529661451980047,0.7947033854801995,0.34544265270233154,0.9979003667831421,1,1,2,1
val,673,2,0.20586967372677467,0.7941303262732253,0.31106042861938477,0.9960231781005859,1,1,2,1
val,674,2,0.20628523914317193,0.793714760856828,0.24910259246826172,0.9975299835205078,1,1,2,1
val,675,1,0.26169174158353514,0.7383082584164649,0.40242815017700195,0.9976255893707275,1,1,1,1
val,676,9,0.5446720247248812,0.4553279752751188,0.8060170412063599,0.5158841609954834,1,1,9,1
val,677,1,0.2616627315230421,0.7383372684769579,-0.0390353798866272,0.9954774379730225,1,1,1,1
val,678,5,0.21793904901502315,0.7820609509849769,0.092948317527771,0.9823702573776245,1,1,5,1
val,679,9,0.5459777211057601,0.45402227889423985,0.8230520486831665,0.6784334182739258,1,1,9,1
val,680,6,0.17150451416069906,0.828495485839301,-0.4990684986114502,0.9035143852233887,0,1,6,1
val,681,1,0.25942048274966,0.74057951725034,0.3514517545700073,0.9956556558609009,1,1,1,1
val,682,8,0.1416944120353226,0.8583055879646774,-0.28940796852111816,0.9347554445266724,0,1,8,1
val,683,4,0.3497360499339803,0.6502639500660197,0.3926204442977905,0.9932754039764404,1,1,4,1
val,684,5,0.21730543400351465,0.7826945659964853,0.2656254768371582,0.9642359018325806,1,1,5,1
val,685,9,0.5462616714395835,0.4537383285604165,0.9332520961761475,0.7126234769821167,1,1,9,1
val,686,9,0.5470421055861012,0.4529578944138988,0.9324616193771362,0.9267617464065552,1,1,9,1
val,687,0,0.26229347410061615,0.7377065258993838,0.49431753158569336,0.9974093437194824,1,1,0,1
val,688,3,0.21371896485428565,0.7862810351457143,0.20931029319763184,0.99528968334198,1,1,3,1
val,689,8,0.14139634481456456,0.8586036551854355,-0.13146144151687622,0.874373197555542,0,1,8,1
val,690,8,0.14157849179566387,0.8584215082043362,-0.47935205698013306,0.8213644027709961,0,1,8,1
val,691,9,0.5463925699583635,0.4536074300416365,0.9298350811004639,0.8778854608535767,1,1,9,1
val,692,8,0.14112700293072084,0.8588729970692792,-0.1930304765701294,0.4056100845336914,0,1,8,1
val,693,8,0.14216764947230118,0.8578323505276988,-0.08958983421325684,0.9443318843841553,0,1,8,1
val,694,3,0.21357786698920278,0.7864221330107972,0.20431220531463623,0.9907824993133545,1,1,3,1
val,695,6,0.17023312094522583,0.8297668790547742,0.026644349098205566,0.938969612121582,1,1,6,1
val,696,3,0.2134391453818652,0.7865608546181349,0.2999981641769409,0.9957461357116699,1,1,3,1
val,697,8,0.14227546430917917,0.8577245356908209,-0.44534409046173096,0.9554222822189331,0,1,8,1
val,698,4,0.3484216043546272,0.6515783956453728,0.4566689729690552,0.9934186935424805,1,1,4,1
val,699,4,0.34746989742143397,0.652530102578566,0.38294124603271484,0.9729783535003662,1,1,4,1
val,700,9,0.5460601635293469,0.45393983647065306,0.810489296913147,0.33633315563201904,1,1,9,1
val,701,0,0.26269739558217947,0.7373026044178206,0.10723614692687988,0.9941607713699341,1,1,0,1
val,702,0,0.2612859815684589,0.738714018431541,-0.037452876567840576,0.9900103807449341,0,1,0,1
val,703,6,0.17029235502055878,0.8297076449794412,-0.11563032865524292,0.9782295227050781,1,1,6,1
val,704,3,0.2136669685198359,0.7863330314801641,0.33699941635131836,0.9948626756668091,1,1,3,1
val,705,0,0.25927550686600437,0.7407244931339956,0.6602652072906494,0.9965916872024536,1,1,0,1
val,706,5,0.2174674900852655,0.7825325099147344,-0.5764496326446533,0.9715059995651245,0,1,5,1
val,707,1,0.2591851736939667,0.7408148263060332,0.2606602907180786,0.9972379207611084,1,1,1,1
val,708,7,0.14928792816310127,0.8507120718368988,-0.14232462644577026,0.9781883955001831,0,1,7,1
val,709,8,0.14162318756345388,0.8583768124365461,-0.6061780154705048,0.9490581750869751,0,1,8,1
val,710,2,0.20641891890074104,0.793581081099259,0.10682106018066406,0.98256516456604,1,1,2,1
val,711,9,0.5484216739052087,0.4515783260947913,0.8658244609832764,0.5641124248504639,1,1,9,1
val,712,0,0.2604573934534262,0.7395426065465738,0.20444941520690918,0.9974050521850586,1,1,0,1
val,713,7,0.14908260471738213,0.8509173952826179,-0.03370523452758789,0.9682344198226929,1,1,7,1
val,714,9,0.5496347141802056,0.4503652858197944,0.9038032293319702,0.6547259092330933,1,1,9,1
val,715,5,0.21424407678295077,0.7857559232170492,0.3250206708908081,0.8139238357543945,1,1,5,1
val,716,4,0.34627558971247285,0.6537244102875271,0.394370436668396,0.28046202659606934,1,1,4,1
val,717,6,0.16987776343641214,0.8301222365635879,0.09286904335021973,0.9628894329071045,1,1,6,1
val,718,9,0.5504885601855348,0.4495114398144652,0.9438738822937012,0.7329933643341064,1,1,9,1
val,719,6,0.17004840385054087,0.8299515961494591,-0.22046178579330444,0.8464447259902954,0,1,6,1
val,720,9,0.5510862488436532,0.4489137511563468,0.876671314239502,0.6739506721496582,1,1,9,1
val,721,6,0.16971578422211858,0.8302842157778814,-0.3891093134880066,0.9253637790679932,0,1,6,1
val,722,1,0.2585083964576464,0.7414916035423536,0.42031145095825195,0.9974545240402222,1,1,1,1
val,723,7,0.14919574117386897,0.8508042588261311,0.05112099647521973,0.971577525138855,1,1,7,1
val,724,9,0.5516186412265849,0.4483813587734151,0.8841214179992676,0.8760026693344116,1,1,9,1
val,725,5,0.21526179281171665,0.7847382071882834,-0.5208548307418823,0.9484149217605591,0,1,5,1
val,726,8,0.14067947290387506,0.8593205270961249,-0.5134020447731018,0.9525588750839233,0,1,8,1
val,727,6,0.16877553937676773,0.8312244606232323,0.0524219274520874,0.9755929708480835,1,1,6,1
val,728,0,0.2595647821757106,0.7404352178242894,0.4812053442001343,0.9352245330810547,1,1,0,1
val,729,9,0.5509844140281795,0.44901558597182045,0.8968256711959839,0.8895418643951416,1,1,9,1
val,730,4,0.34861460399361405,0.651385396006386,0.15446412563323975,0.994005560874939,1,1,4,1
val,731,8,0.13994322434822717,0.8600567756517729,-0.14512717723846436,-0.22067105770111084,0,0,7,0
val,732,3,0.2140377400028557,0.7859622599971443,0.16217577457427979,0.9916950464248657,1,1,3,1
val,733,6,0.16882130984793753,0.8311786901520625,0.3209848403930664,0.9728696346282959,1,1,6,1
val,734,8,0.1422604310373986,0.8577395689626014,-0.15478867292404175,0.9585157632827759,0,1,8,1
val,735,5,0.21249195518097597,0.787508044819024,0.0678107738494873,0.8874431848526001,1,1,5,1
val,736,7,0.14951758836500634,0.8504824116349936,0.19019436836242676,0.9786550998687744,1,1,7,1
val,737,7,0.15017106988992887,0.8498289301100711,0.07123136520385742,0.9776449203491211,1,1,7,1
val,738,8,0.1422042739058938,0.8577957260941063,-0.2619997262954712,0.29237353801727295,0,1,8,1
val,739,0,0.26019143803795974,0.7398085619620403,0.2801361083984375,0.9955567121505737,1,1,0,1
val,740,6,0.16952610189624648,0.8304738981037535,0.359336256980896,0.9378894567489624,1,1,6,1
val,741,6,0.17039566158943717,0.8296043384105628,-0.4841133952140808,-0.4411904811859131,0,0,7,0
val,742,8,0.1432429738690379,0.856757026130962,-0.5016834437847137,0.9284433126449585,0,1,8,1
val,743,2,0.20601797580191722,0.7939820241980828,0.3257310390472412,0.9977335929870605,1,1,2,1
val,744,5,0.21225463209016382,0.7877453679098362,0.21312642097473145,0.8542865514755249,1,1,5,1
val,745,5,0.21268384508070737,0.7873161549192926,0.13760864734649658,0.9812356233596802,1,1,5,1
val,746,6,0.17254806857714294,0.827451931422857,0.1605091094970703,0.989432692527771,1,1,6,1
val,747,4,0.3462078479032649,0.6537921520967351,0.4552494287490845,0.9694434404373169,1,1,4,1
val,748,1,0.25861502287708027,0.7413849771229197,0.2890220880508423,0.9976531267166138,1,1,1,1
val,749,9,0.5503617979704547,0.4496382020295453,0.8650761842727661,0.9355087280273438,1,1,9,1
val,750,7,0.15050818395028182,0.8494918160497182,-0.10281878709793091,0.9607275724411011,0,1,7,1
val,751,7,0.15044110786701786,0.8495588921329822,-0.17936354875564575,0.9762243032455444,0,1,7,1
val,752,0,0.2596640810322453,0.7403359189677547,0.3545835018157959,0.9976402521133423,1,1,0,1
val,753,8,0.14256248553268291,0.8574375144673171,-0.22781389951705933,0.9483685493469238,0,1,8,1
val,754,4,0.3454420228977161,0.6545579771022839,0.25321733951568604,0.837448239326477,1,1,4,1
val,755,8,0.14238473155621806,0.8576152684437819,-0.6200100481510162,-0.1032835841178894,0,0,9,0
val,756,8,0.14345915208968613,0.8565408479103138,-0.36059659719467163,0.9547039270401001,0,1,8,1
val,757,5,0.21236268299337385,0.7876373170066262,-0.16307395696640015,0.992251992225647,0,1,5,1
val,758,5,0.2109343344950932,0.7890656655049069,-0.07091087102890015,0.984224796295166,1,1,5,1
val,759,0,0.2594616397858455,0.7405383602141544,0.5216286182403564,0.9970695972442627,1,1,0,1
val,760,5,0.20990454874853387,0.7900954512514662,0.08652997016906738,0.9904929399490356,1,1,5,1
val,761,9,0.5493064820362543,0.4506935179637457,0.9282926321029663,0.8538800477981567,1,1,9,1
val,762,9,0.5491035584904259,0.4508964415095741,0.8735790252685547,0.830713152885437,1,1,9,1
val,763,0,0.2599739215169253,0.7400260784830748,0.1783825159072876,0.2560235261917114,1,1,0,1
val,764,8,0.14301274680223933,0.8569872531977607,-0.28199732303619385,0.9294358491897583,0,1,8,1
val,765,2,0.20646484670872783,0.7935351532912722,0.3314509391784668,0.9984579086303711,1,1,2,1
val,766,1,0.25809920845533196,0.741900791544668,0.46048641204833984,0.9948873519897461,1,1,1,1
val,767,6,0.17277641646474085,0.8272235835352592,0.25367283821105957,0.9884405136108398,1,1,6,1
val,768,8,0.14276996725015792,0.8572300327498421,-0.43077969551086426,0.9529646635055542,0,1,8,1
val,769,4,0.34436123579874506,0.6556387642012549,0.40045952796936035,0.9606277942657471,1,1,4,1
val,770,2,0.20691894078734868,0.7930810592126514,0.1607661247253418,0.982114315032959,1,1,2,1
val,771,9,0.5487281710744261,0.45127182892557394,0.8935873508453369,0.7743771076202393,1,1,9,1
val,772,9,0.5487865356476477,0.4512134643523523,0.9174433946609497,0.9244612455368042,1,1,9,1
val,773,6,0.173224835370624,0.826775164629376,-0.2435898780822754,0.9792948961257935,0,1,6,1
val,774,2,0.20674437009770286,0.7932556299022971,0.29813313484191895,0.9856749773025513,1,1,2,1
val,775,2,0.20710035063132948,0.7928996493686705,0.19215035438537598,0.9890156984329224,1,1,2,1
val,776,0,0.2621444491419058,0.7378555508580942,0.5973728895187378,0.9964830875396729,1,1,0,1
val,777,2,0.2070228408141217,0.7929771591858783,0.2809286117553711,0.997230052947998,1,1,2,1
val,778,7,0.1501481487937438,0.8498518512062562,0.012515664100646973,0.9756021499633789,1,1,7,1
val,779,5,0.20942805332716635,0.7905719466728336,0.03383755683898926,0.9887480735778809,1,1,5,1
val,780,5,0.20879187546080125,0.7912081245391988,-0.12891465425491333,0.9855475425720215,0,1,5,1
val,781,0,0.262931393597398,0.737068606402602,0.7090928554534912,0.9969607591629028,1,1,0,1
val,782,1,0.25840687116988725,0.7415931288301127,0.36496853828430176,0.984176516532898,1,1,1,1
val,783,5,0.20764126423067997,0.79235873576932,0.3071563243865967,0.9606600999832153,1,1,5,1
val,784,9,0.5481503353880008,0.45184966461199916,0.916852593421936,0.8259646892547607,1,1,9,1
val,785,3,0.21373088832244447,0.7862691116775555,0.32878148555755615,0.9807319641113281,1,1,3,1
val,786,9,0.5480606910445132,0.45193930895548684,0.9115339517593384,0.8740125894546509,1,1,9,1
val,787,4,0.3434214340205843,0.6565785659794157,0.4040834903717041,0.9916356801986694,1,1,4,1
val,788,5,0.2080408079568638,0.7919591920431361,0.0215146541595459,0.9769508838653564,1,1,5,1
val,789,3,0.21411291969054808,0.785887080309452,0.19674348831176758,0.9716148376464844,1,1,3,1
val,790,6,0.17251208409005192,0.8274879159099481,0.11604809761047363,0.9864425659179688,1,1,6,1
val,791,4,0.34237804103066477,0.6576219589693353,0.4761759042739868,-0.08303868770599365,1,0,4,1
val,792,8,0.14221913968879285,0.8577808603112071,-0.6264137625694275,0.583297848701477,0,1,8,1
val,793,4,0.34664006611469217,0.6533599338853078,0.413188099861145,0.9272581338882446,1,1,4,1
val,794,1,0.2583178643581928,0.7416821356418072,0.30882179737091064,0.9978550672531128,1,1,1,1
val,795,7,0.1503331375870752,0.8496668624129248,-0.298972487449646,0.970105767250061,0,1,7,1
val,796,4,0.34591329194505493,0.6540867080549451,0.4249892234802246,0.9945522546768188,1,1,4,1
val,797,1,0.2579167462787796,0.7420832537212204,-0.2936598062515259,0.9967086315155029,0,1,1,1
val,798,0,0.2641596241652479,0.735840375834752,0.11545324325561523,0.9943243265151978,1,1,0,1
val,799,8,0.1419950928034418,0.8580049071965582,-0.23995095491409302,0.7624222040176392,0,1,8,1
test,0,7,0.14977736603751735,0.8502226339624827,-0.20669913291931152,0.9537906646728516,0,1,7,1
test,1,8,0.14214447487052495,0.857855525129475,0.13360965251922607,0.7605644464492798,1,1,8,1
test,2,6,0.17263666180201442,0.8273633381979856,-0.38461726903915405,0.7230901718139648,0,1,6,1
test,3,1,0.2548721367545882,0.7451278632454118,0.38523852825164795,0.9915380477905273,1,1,1,1
test,4,2,0.20725491528952777,0.7927450847104722,0.28422272205352783,0.9975919723510742,1,1,2,1
test,5,6,0.17263666180201442,0.8273633381979856,-0.3532668948173523,0.9866046905517578,0,1,6,1
test,6,6,0.17263666180201442,0.8273633381979856,0.3804597854614258,0.4721883535385132,1,1,6,1
test,7,2,0.20725491528952777,0.7927450847104722,0.2928464412689209,0.9982138872146606,1,1,2,1
test,8,6,0.17263666180201442,0.8273633381979856,-0.17363739013671875,0.9883843660354614,0,1,6,1
test,9,5,0.2074481684449928,0.7925518315550072,0.00293731689453125,0.9908465147018433,1,1,5,1
test,10,6,0.17263666180201442,0.8273633381979856,0.296658992767334,0.9482272863388062,1,1,6,1
test,11,4,0.34495377595697324,0.6550462240430268,0.1775951385498047,0.9864091873168945,1,1,4,1
test,12,4,0.34495377595697324,0.6550462240430268,0.48940908908843994,0.953018307685852,1,1,4,1
test,13,1,0.2548721367545882,0.7451278632454118,0.3887975215911865,0.9979795217514038,1,1,1,1
test,14,9,0.5476871351771021,0.4523128648228979,0.8633235692977905,0.45949745178222656,1,1,9,1
test,15,4,0.34495377595697324,0.6550462240430268,0.3812505006790161,0.9782763719558716,1,1,4,1
test,16,0,0.26295059646312535,0.7370494035368746,0.746059775352478,0.9913942813873291,1,1,0,1
test,17,9,0.5476871351771021,0.4523128648228979,0.947974443435669,0.9141099452972412,1,1,9,1
test,18,0,0.26295059646312535,0.7370494035368746,0.5597747564315796,0.9961987733840942,1,1,0,1
test,19,6,0.17263666180201442,0.8273633381979856,0.272369384765625,0.9553675651550293,1,1,6,1
test,20,9,0.5476871351771021,0.4523128648228979,0.9181253910064697,0.5708391666412354,1,1,9,1
test,21,1,0.2548721367545882,0.7451278632454118,0.4161776304244995,0.9954046010971069,1,1,1,1
test,22,3,0.21401991484113564,0.7859800851588643,0.3604925870895386,0.98171067237854,1,1,3,1
test,23,4,0.34495377595697324,0.6550462240430268,0.46324074268341064,0.49861013889312744,1,1,4,1
test,24,7,0.14977736603751735,0.8502226339624827,0.07695460319519043,0.9571188688278198,1,1,7,1
test,25,5,0.2074481684449928,0.7925518315550072,0.18231916427612305,0.987805962562561,1,1,5,1
test,26,2,0.20725491528952777,0.7927450847104722,0.29293906688690186,0.9977492094039917,1,1,2,1
test,27,8,0.14214447487052495,0.857855525129475,-0.05920004844665527,0.9365040063858032,1,1,8,1
test,28,5,0.2074481684449928,0.7925518315550072,0.10038506984710693,0.992341160774231,1,1,5,1
test,29,3,0.21401991484113564,0.7859800851588643,0.29208171367645264,0.959101676940918,1,1,3,1
test,30,7,0.14977736603751735,0.8502226339624827,-0.1492275595664978,0.9528113603591919,0,1,7,1
test,31,3,0.21401991484113564,0.7859800851588643,0.21695339679718018,0.9862687587738037,1,1,3,1
test,32,7,0.14977736603751735,0.8502226339624827,-0.04237711429595947,0.9722613096237183,1,1,7,1
test,33,8,0.14214447487052495,0.857855525129475,-0.46850115060806274,0.9391005039215088,0,1,8,1
test,34,3,0.21401991484113564,0.7859800851588643,-0.0013402700424194336,0.9941757917404175,1,1,3,1
test,35,5,0.2074481684449928,0.7925518315550072,0.28489553928375244,0.03300154209136963,1,1,5,1
test,36,9,0.5476871351771021,0.4523128648228979,0.8689732551574707,-0.1147235631942749,1,0,9,1
test,37,4,0.34495377595697324,0.6550462240430268,0.44031858444213867,0.9824862480163574,1,1,4,1
test,38,3,0.21401991484113564,0.7859800851588643,-0.07602214813232422,0.9917677640914917,0,1,3,1
test,39,7,0.14977736603751735,0.8502226339624827,-0.41094493865966797,0.9656389951705933,0,1,7,1
test,40,1,0.2548721367545882,0.7451278632454118,0.46576082706451416,0.9047753810882568,1,1,1,1
test,41,9,0.5476871351771021,0.4523128648228979,0.8764867782592773,0.7443059682846069,1,1,9,1
test,42,1,0.2548721367545882,0.7451278632454118,0.4523448944091797,0.99448561668396,1,1,1,1
test,43,5,0.2074481684449928,0.7925518315550072,0.02160477638244629,0.989568829536438,1,1,5,1
test,44,8,0.14214447487052495,0.857855525129475,-0.283272385597229,0.8501318693161011,0,1,8,1
test,45,9,0.5476871351771021,0.4523128648228979,-0.6544598042964935,0.5711938142776489,0,1,9,0
test,46,7,0.14977736603751735,0.8502226339624827,-0.7150057554244995,-0.0138588547706604,0,0,7,0
test,47,5,0.2074481684449928,0.7925518315550072,0.18504178524017334,0.7866611480712891,1,1,5,1
test,48,3,0.21401991484113564,0.7859800851588643,0.32288599014282227,0.8709614276885986,1,1,3,1
test,49,0,0.26295059646312535,0.7370494035368746,0.4323030710220337,0.969264030456543,1,1,0,1
test,50,5,0.2074481684449928,0.7925518315550072,-0.36118948459625244,0.9268951416015625,0,1,5,1
test,51,5,0.2074481684449928,0.7925518315550072,0.14636623859405518,0.9917477369308472,1,1,5,1
test,52,4,0.34495377595697324,0.6550462240430268,0.2248462438583374,0.9922339916229248,1,1,4,1
test,53,3,0.21401991484113564,0.7859800851588643,0.18756532669067383,0.9953070878982544,1,1,3,1
test,54,8,0.14214447487052495,0.857855525129475,-0.04807710647583008,0.9549237489700317,1,1,8,1
test,55,9,0.5476871351771021,0.4523128648228979,0.9117538928985596,0.8610433340072632,1,1,9,1
test,56,9,0.5476871351771021,0.4523128648228979,0.8781509399414062,0.8589462041854858,1,1,9,1
test,57,0,0.26295059646312535,0.7370494035368746,0.08017301559448242,0.9969282150268555,1,1,0,1
test,58,1,0.2548721367545882,0.7451278632454118,0.16153287887573242,0.9709577560424805,1,1,1,1
test,59,7,0.14977736603751735,0.8502226339624827,-0.1801324486732483,0.9741994142532349,0,1,7,1
test,60,5,0.2074481684449928,0.7925518315550072,0.10131478309631348,0.9312092065811157,1,1,5,1
test,61,3,0.21401991484113564,0.7859800851588643,0.2993476390838623,-0.7154879868030548,1,0,3,0
test,62,4,0.34495377595697324,0.6550462240430268,0.2589690685272217,0.39939045906066895,1,1,4,1
test,63,5,0.2074481684449928,0.7925518315550072,-0.07369029521942139,0.9916547536849976,0,1,5,1
test,64,3,0.21401991484113564,0.7859800851588643,0.03937053680419922,0.9959683418273926,1,1,3,1
test,65,0,0.26295059646312535,0.7370494035368746,0.5843884944915771,0.9972096681594849,1,1,0,1
test,66,4,0.34495377595697324,0.6550462240430268,0.477150559425354,0.9858856201171875,1,1,4,1
test,67,4,0.34495377595697324,0.6550462240430268,0.39009737968444824,-0.004477500915527344,1,1,4,1
test,68,4,0.34495377595697324,0.6550462240430268,0.4836454391479492,0.9801965951919556,1,1,4,1
test,69,1,0.2548721367545882,0.7451278632454118,0.467948317527771,0.9943670034408569,1,1,1,1
test,70,1,0.2548721367545882,0.7451278632454118,0.4700673818588257,0.9973746538162231,1,1,1,1
test,71,2,0.20725491528952777,0.7927450847104722,0.3551597595214844,0.993281364440918,1,1,2,1
test,72,3,0.21401991484113564,0.7859800851588643,0.36164796352386475,0.9903420209884644,1,1,3,1
test,73,1,0.2548721367545882,0.7451278632454118,0.48039162158966064,0.9831522703170776,1,1,1,1
test,74,2,0.20725491528952777,0.7927450847104722,0.33734631538391113,0.9968295097351074,1,1,2,1
test,75,2,0.20725491528952777,0.7927450847104722,-0.08650237321853638,0.9927346706390381,0,1,2,1
test,76,1,0.2548721367545882,0.7451278632454118,0.3287339210510254,0.9487686157226562,1,1,1,1
test,77,0,0.26295059646312535,0.7370494035368746,0.3502225875854492,0.9940216541290283,1,1,0,1
test,78,9,0.5476871351771021,0.4523128648228979,0.9284366369247437,0.8889783620834351,1,1,9,1
test,79,9,0.5476871351771021,0.4523128648228979,0.9234048128128052,0.7418292760848999,1,1,9,1
test,80,9,0.5476871351771021,0.4523128648228979,0.9336202144622803,0.9063725471496582,1,1,9,1
test,81,3,0.21401991484113564,0.7859800851588643,0.19548380374908447,0.9955813884735107,1,1,3,1
test,82,8,0.14214447487052495,0.857855525129475,-0.5094831585884094,0.9399704933166504,0,1,8,1
test,83,2,0.20725491528952777,0.7927450847104722,0.3352038860321045,0.9955571889877319,1,1,2,1
test,84,4,0.34495377595697324,0.6550462240430268,0.24112021923065186,0.9873301982879639,1,1,4,1
test,85,3,0.21401991484113564,0.7859800851588643,0.26369595527648926,0.9946795701980591,1,1,3,1
test,86,1,0.2548721367545882,0.7451278632454118,0.2925593852996826,0.9781357049942017,1,1,1,1
test,87,3,0.21401991484113564,0.7859800851588643,0.15810668468475342,0.9930242300033569,1,1,3,1
test,88,7,0.14977736603751735,0.8502226339624827,-0.4666237235069275,0.9683241844177246,0,1,7,1
test,89,0,0.26295059646312535,0.7370494035368746,0.5349445343017578,0.9974504709243774,1,1,0,1
test,90,1,0.2548721367545882,0.7451278632454118,0.4696418046951294,0.9952880144119263,1,1,1,1
test,91,2,0.20725491528952777,0.7927450847104722,0.2732483148574829,0.998092532157898,1,1,2,1
test,92,3,0.21401991484113564,0.7859800851588643,0.3237743377685547,0.9945906400680542,1,1,3,1
test,93,3,0.21401991484113564,0.7859800851588643,0.21967995166778564,0.9944113492965698,1,1,3,1
test,94,9,0.5476871351771021,0.4523128648228979,0.8569055795669556,0.743321418762207,1,1,9,1
test,95,2,0.20725491528952777,0.7927450847104722,0.2937581539154053,0.9974949359893799,1,1,2,1
test,96,5,0.2074481684449928,0.7925518315550072,0.20573854446411133,0.899739146232605,1,1,5,1
test,97,8,0.14214447487052495,0.857855525129475,-0.233190655708313,0.9474931955337524,0,1,8,1
test,98,0,0.26295059646312535,0.7370494035368746,0.34033524990081787,0.9957281351089478,1,1,0,1
test,99,5,0.2074481684449928,0.7925518315550072,0.23538756370544434,0.9725682735443115,1,1,5,1
test,100,9,0.5476871351771021,0.4523128648228979,0.9276611804962158,0.9106153249740601,1,1,9,1
test,101,5,0.2074481684449928,0.7925518315550072,0.33184099197387695,0.9893136024475098,1,1,5,1
test,102,1,0.2548721367545882,0.7451278632454118,0.2328559160232544,0.9959489107131958,1,1,1,1
test,103,0,0.26295059646312535,0.7370494035368746,0.5852037668228149,0.9967050552368164,1,1,0,1
test,104,8,0.14214447487052495,0.857855525129475,-0.2812163829803467,0.6108813285827637,0,1,8,1
test,105,9,0.5476871351771021,0.4523128648228979,0.9383498430252075,0.737659215927124,1,1,9,1
test,106,9,0.5476871351771021,0.4523128648228979,0.8765279054641724,0.909201979637146,1,1,9,1
test,107,5,0.2074481684449928,0.7925518315550072,0.1480029821395874,0.9916443824768066,1,1,5,1
test,108,5,0.2074481684449928,0.7925518315550072,0.15932166576385498,0.9871314764022827,1,1,5,1
test,109,2,0.20725491528952777,0.7927450847104722,0.23672795295715332,0.9964455366134644,1,1,2,1
test,110,0,0.26295059646312535,0.7370494035368746,0.39666426181793213,0.9965687990188599,1,1,0,1
test,111,2,0.20725491528952777,0.7927450847104722,0.22255635261535645,0.9981318712234497,1,1,2,1
test,112,1,0.2548721367545882,0.7451278632454118,0.47035813331604004,0.9867309331893921,1,1,1,1
test,113,2,0.20725491528952777,0.7927450847104722,0.26474153995513916,0.9984209537506104,1,1,2,1
test,114,6,0.17263666180201442,0.8273633381979856,-0.21222549676895142,0.981215238571167,0,1,6,1
test,115,6,0.17263666180201442,0.8273633381979856,-0.042159199714660645,0.9736860990524292,1,1,6,1
test,116,3,0.21401991484113564,0.7859800851588643,-0.05646228790283203,0.9955548048019409,1,1,3,1
test,117,6,0.17263666180201442,0.8273633381979856,-0.7486302852630615,0.7254248857498169,0,1,6,1
test,118,2,0.20725491528952777,0.7927450847104722,-0.025266170501708984,0.9951224327087402,1,1,2,1
test,119,5,0.2074481684449928,0.7925518315550072,-0.08263081312179565,0.9826551675796509,1,1,5,1
test,120,9,0.5476871351771021,0.4523128648228979,0.8612431287765503,-0.2857847213745117,1,0,9,1
test,121,5,0.2074481684449928,0.7925518315550072,0.24976658821105957,0.983238697052002,1,1,5,1
test,122,2,0.20725491528952777,0.7927450847104722,0.2921483516693115,0.9984455108642578,1,1,2,1
test,123,1,0.2548721367545882,0.7451278632454118,0.4628417491912842,0.9961868524551392,1,1,1,1
test,124,4,0.34495377595697324,0.6550462240430268,0.18683457374572754,0.9811486005783081,1,1,4,1
test,125,6,0.17263666180201442,0.8273633381979856,0.18702328205108643,0.7263224124908447,1,1,6,1
test,126,5,0.2074481684449928,0.7925518315550072,0.3036569356918335,0.8569146394729614,1,1,5,1
test,127,9,0.5476871351771021,0.4523128648228979,0.9038671255111694,0.8504785299301147,1,1,9,1
test,128,3,0.21401991484113564,0.7859800851588643,0.37197840213775635,0.9795596599578857,1,1,3,1
test,129,5,0.2074481684449928,0.7925518315550072,-0.39829587936401367,0.942638635635376,0,1,5,1
test,130,6,0.17263666180201442,0.8273633381979856,-0.39157819747924805,0.9854415655136108,0,1,6,1
test,131,2,0.20725491528952777,0.7927450847104722,0.2486426830291748,0.9980392456054688,1,1,2,1
test,132,1,0.2548721367545882,0.7451278632454118,0.4467114210128784,0.9976086616516113,1,1,1,1
test,133,1,0.2548721367545882,0.7451278632454118,0.250846266746521,0.93149733543396,1,1,1,1
test,134,3,0.21401991484113564,0.7859800851588643,0.39054954051971436,0.9901387691497803,1,1,3,1
test,135,1,0.2548721367545882,0.7451278632454118,0.11184322834014893,0.9976752996444702,1,1,1,1
test,136,3,0.21401991484113564,0.7859800851588643,0.15374398231506348,0.9761049747467041,1,1,3,1
test,137,4,0.34495377595697324,0.6550462240430268,0.19986557960510254,-0.8162318915128708,1,0,4,0
test,138,1,0.2548721367545882,0.7451278632454118,0.09443378448486328,0.8683153390884399,1,1,1,1
test,139,2,0.20725491528952777,0.7927450847104722,0.28031229972839355,0.9986644983291626,1,1,2,1
test,140,8,0.14214447487052495,0.857855525129475,-0.37752842903137207,0.9446018934249878,0,1,8,1
test,141,1,0.2548721367545882,0.7451278632454118,-0.1594509482383728,0.9919989109039307,0,1,1,1
test,142,5,0.2074481684449928,0.7925518315550072,0.24241149425506592,0.9291762113571167,1,1,5,1
test,143,4,0.34495377595697324,0.6550462240430268,0.38652563095092773,0.04844498634338379,1,1,4,1
test,144,5,0.2074481684449928,0.7925518315550072,0.1659832000732422,0.9814813137054443,1,1,5,1
test,145,7,0.14977736603751735,0.8502226339624827,-0.15764755010604858,0.9573909044265747,0,1,7,1
test,146,7,0.14977736603751735,0.8502226339624827,0.13496387004852295,0.9245432615280151,1,1,7,1
test,147,3,0.21401991484113564,0.7859800851588643,0.3201941251754761,0.9808362722396851,1,1,3,1
test,148,1,0.2548721367545882,0.7451278632454118,0.44497859477996826,0.9974480867385864,1,1,1,1
test,149,9,0.5476871351771021,0.4523128648228979,0.917334794998169,0.9334626197814941,1,1,9,1
test,150,3,0.21401991484113564,0.7859800851588643,0.33988475799560547,0.989214301109314,1,1,3,1
test,151,9,0.5476871351771021,0.4523128648228979,0.9235762357711792,0.8603404760360718,1,1,9,1
test,152,0,0.26295059646312535,0.7370494035368746,0.20144212245941162,0.8634495735168457,1,1,0,1
test,153,5,0.2074481684449928,0.7925518315550072,0.19785308837890625,0.5316038131713867,1,1,5,1
test,154,7,0.14977736603751735,0.8502226339624827,-0.34248656034469604,-0.7851440012454987,0,0,7,0
test,155,7,0.14977736603751735,0.8502226339624827,0.0014081001281738281,0.9622963666915894,1,1,7,1
test,156,6,0.17263666180201442,0.8273633381979856,0.11935269832611084,0.9594933986663818,1,1,6,1
test,157,6,0.17263666180201442,0.8273633381979856,0.3085925579071045,0.9768344163894653,1,1,6,1
test,158,9,0.5476871351771021,0.4523128648228979,-0.5917666554450989,0.2677731513977051,0,1,9,0
test,159,1,0.2548721367545882,0.7451278632454118,0.11164462566375732,0.9967876672744751,1,1,1,1
test,160,4,0.34495377595697324,0.6550462240430268,0.4338327646255493,0.9782695770263672,1,1,4,1
test,161,4,0.34495377595697324,0.6550462240430268,0.33173251152038574,-0.14807862043380737,1,0,4,1
test,162,9,0.5476871351771021,0.4523128648228979,0.9035543203353882,0.8185077905654907,1,1,9,1
test,163,6,0.17263666180201442,0.8273633381979856,-0.39265960454940796,0.9856784343719482,0,1,6,1
test,164,5,0.2074481684449928,0.7925518315550072,-0.14191186428070068,0.9540420770645142,0,1,5,1
test,165,0,0.26295059646312535,0.7370494035368746,0.3720201253890991,0.9964450597763062,1,1,0,1
test,166,2,0.20725491528952777,0.7927450847104722,0.2857534885406494,0.9940600395202637,1,1,2,1
test,167,8,0.14214447487052495,0.857855525129475,-0.08271312713623047,0.09659743309020996,0,1,8,1
test,168,7,0.14977736603751735,0.8502226339624827,-0.3199648857116699,0.9417009353637695,0,1,7,1
test,169,3,0.21401991484113564,0.7859800851588643,-0.02967017889022827,0.9959381818771362,1,1,3,1
test,170,8,0.14214447487052495,0.857855525129475,-0.5006029009819031,0.9537649154663086,0,1,8,1
test,171,4,0.34495377595697324,0.6550462240430268,0.21263492107391357,0.9803831577301025,1,1,4,1
test,172,7,0.14977736603751735,0.8502226339624827,0.24067294597625732,0.9078552722930908,1,1,7,1
test,173,4,0.34495377595697324,0.6550462240430268,0.4503897428512573,0.9665372371673584,1,1,4,1
test,174,8,0.14214447487052495,0.857855525129475,0.06361961364746094,0.04410707950592041,1,1,8,1
test,175,6,0.17263666180201442,0.8273633381979856,0.04125165939331055,0.9824150800704956,1,1,6,1
test,176,7,0.14977736603751735,0.8502226339624827,-0.4173756241798401,0.9327995777130127,0,1,7,1
test,177,2,0.20725491528952777,0.7927450847104722,0.22814548015594482,0.9948092699050903,1,1,2,1
test,178,2,0.20725491528952777,0.7927450847104722,0.28230786323547363,0.9980031251907349,1,1,2,1
test,179,7,0.14977736603751735,0.8502226339624827,0.13905930519104004,0.978379487991333,1,1,7,1
test,180,4,0.34495377595697324,0.6550462240430268,0.2943711280822754,0.47763097286224365,1,1,4,1
test,181,3,0.21401991484113564,0.7859800851588643,0.06089961528778076,0.9932612180709839,1,1,3,1
test,182,8,0.14214447487052495,0.857855525129475,-0.5710822939872742,0.8294104337692261,0,1,8,1
test,183,2,0.20725491528952777,0.7927450847104722,0.32194769382476807,0.9904065132141113,1,1,2,1
test,184,4,0.34495377595697324,0.6550462240430268,0.17303931713104248,0.9932712316513062,1,1,4,1
test,185,5,0.2074481684449928,0.7925518315550072,-0.27598869800567627,0.8772487640380859,0,1,5,1
test,186,5,0.2074481684449928,0.7925518315550072,0.23621916770935059,0.9752304553985596,1,1,5,1
test,187,3,0.21401991484113564,0.7859800851588643,0.28813040256500244,-0.6101269721984863,1,0,3,0
test,188,8,0.14214447487052495,0.857855525129475,-0.18077117204666138,0.9233798980712891,0,1,8,1
test,189,0,0.26295059646312535,0.7370494035368746,0.560218334197998,0.9972637891769409,1,1,0,1
test,190,9,0.5476871351771021,0.4523128648228979,0.859961748123169,0.7670028209686279,1,1,9,1
test,191,5,0.2074481684449928,0.7925518315550072,-0.17871326208114624,0.9811488389968872,0,1,5,1
test,192,5,0.2074481684449928,0.7925518315550072,0.024214506149291992,0.9903656244277954,1,1,5,1
test,193,2,0.20725491528952777,0.7927450847104722,0.20315539836883545,0.9766676425933838,1,1,2,1
test,194,2,0.20725491528952777,0.7927450847104722,0.22863078117370605,0.9946445226669312,1,1,2,1
test,195,3,0.21401991484113564,0.7859800851588643,0.28512775897979736,0.7035337686538696,1,1,3,1
test,196,9,0.5476871351771021,0.4523128648228979,0.9367642402648926,0.897104024887085,1,1,9,1
test,197,3,0.21401991484113564,0.7859800851588643,0.3510321378707886,0.9837582111358643,1,1,3,1
test,198,6,0.17263666180201442,0.8273633381979856,-0.2496936321258545,0.9820700883865356,0,1,6,1
test,199,9,0.5476871351771021,0.4523128648228979,0.9277088642120361,0.9047427177429199,1,1,9,1
test,200,1,0.2548721367545882,0.7451278632454118,0.34050309658050537,0.996867299079895,1,1,1,1
test,201,3,0.21401991484113564,0.7859800851588643,0.2160588502883911,0.9958840608596802,1,1,3,1
test,202,2,0.20725491528952777,0.7927450847104722,0.3143817186355591,0.9931421279907227,1,1,2,1
test,203,9,0.5476871351771021,0.4523128648228979,0.9090549945831299,0.8271397352218628,1,1,9,1
test,204,2,0.20725491528952777,0.7927450847104722,0.3286294937133789,0.9974181652069092,1,1,2,1
test,205,6,0.17263666180201442,0.8273633381979856,0.21636533737182617,0.9881751537322998,1,1,6,1
test,206,9,0.5476871351771021,0.4523128648228979,0.9431905746459961,0.8347800970077515,1,1,9,1
test,207,0,0.26295059646312535,0.7370494035368746,0.2763756513595581,0.9816689491271973,1,1,0,1
test,208,8,0.14214447487052495,0.857855525129475,-0.008696317672729492,0.5764360427856445,1,1,8,1
test,209,9,0.5476871351771021,0.4523128648228979,0.9226467609405518,0.9199904203414917,1,1,9,1
test,210,4,0.34495377595697324,0.6550462240430268,0.18904995918273926,0.9922900199890137,1,1,4,1
test,211,7,0.14977736603751735,0.8502226339624827,0.13109469413757324,0.9746131896972656,1,1,7,1
test,212,5,0.2074481684449928,0.7925518315550072,0.09232723712921143,0.9899005889892578,1,1,5,1
test,213,9,0.5476871351771021,0.4523128648228979,0.8751858472824097,0.8546093702316284,1,1,9,1
test,214,1,0.2548721367545882,0.7451278632454118,0.2047954797744751,0.997002363204956,1,1,1,1
test,215,4,0.34495377595697324,0.6550462240430268,0.17569828033447266,0.9952574968338013,1,1,4,1
test,216,9,0.5476871351771021,0.4523128648228979,0.9466953277587891,0.8192340135574341,1,1,9,1
test,217,6,0.17263666180201442,0.8273633381979856,-0.31989139318466187,0.977236270904541,0,1,6,1
test,218,5,0.2074481684449928,0.7925518315550072,0.16213130950927734,0.9868789911270142,1,1,5,1
test,219,8,0.14214447487052495,0.857855525129475,-0.607994794845581,0.7707934379577637,0,1,8,1
test,220,8,0.14214447487052495,0.857855525129475,-0.17369526624679565,0.7429951429367065,0,1,8,1
test,221,1,0.2548721367545882,0.7451278632454118,0.3879542350769043,0.9800575971603394,1,1,1,1
test,222,1,0.2548721367545882,0.7451278632454118,0.4831911325454712,0.9838351011276245,1,1,1,1
test,223,6,0.17263666180201442,0.8273633381979856,0.31269359588623047,0.6849486827850342,1,1,6,1
test,224,8,0.14214447487052495,0.857855525129475,-0.6153554320335388,0.7381408214569092,0,1,8,1
test,225,9,0.5476871351771021,0.4523128648228979,0.9399287700653076,0.727663516998291,1,1,9,1
test,226,1,0.2548721367545882,0.7451278632454118,0.26262688636779785,0.9979821443557739,1,1,1,1
test,227,5,0.2074481684449928,0.7925518315550072,0.23534369468688965,0.9641146659851074,1,1,5,1
test,228,3,0.21401991484113564,0.7859800851588643,0.28996384143829346,0.9885491132736206,1,1,3,1
test,229,6,0.17263666180201442,0.8273633381979856,0.382066011428833,0.9404397010803223,1,1,6,1
test,230,9,0.5476871351771021,0.4523128648228979,0.8984982967376709,0.740492582321167,1,1,9,1
test,231,5,0.2074481684449928,0.7925518315550072,0.14084994792938232,0.9929337501525879,1,1,5,1
test,232,9,0.5476871351771021,0.4523128648228979,0.9473662376403809,0.9525693655014038,1,1,9,1
test,233,9,0.5476871351771021,0.4523128648228979,0.9133830070495605,0.8874989748001099,1,1,9,1
test,234,4,0.34495377595697324,0.6550462240430268,0.3712121248245239,0.9437484741210938,1,1,4,1
test,235,3,0.21401991484113564,0.7859800851588643,0.17758238315582275,0.9891890287399292,1,1,3,1
test,236,3,0.21401991484113564,0.7859800851588643,0.159415602684021,0.9941394329071045,1,1,3,1
test,237,0,0.26295059646312535,0.7370494035368746,0.596320390701294,0.9969724416732788,1,1,0,1
test,238,1,0.2548721367545882,0.7451278632454118,0.2620581388473511,0.9974468946456909,1,1,1,1
test,239,8,0.14214447487052495,0.857855525129475,-0.26601219177246094,0.841888427734375,0,1,8,1
test,240,4,0.34495377595697324,0.6550462240430268,-0.060034751892089844,-0.7505777031183243,1,0,4,0
test,241,8,0.14214447487052495,0.857855525129475,-0.4605054259300232,0.9393235445022583,0,1,8,1
test,242,3,0.21401991484113564,0.7859800851588643,0.327040433883667,0.9540560245513916,1,1,3,1
test,243,1,0.2548721367545882,0.7451278632454118,0.4627821445465088,0.9974186420440674,1,1,1,1
test,244,4,0.34495377595697324,0.6550462240430268,-0.18085789680480957,0.8811235427856445,0,1,4,1
test,245,2,0.20725491528952777,0.7927450847104722,0.14565908908843994,0.9727331399917603,1,1,2,1
test,246,4,0.34495377595697324,0.6550462240430268,0.3890606164932251,0.7894465923309326,1,1,4,1
test,247,8,0.14214447487052495,0.857855525129475,-0.45949018001556396,0.9440015554428101,0,1,8,1
test,248,1,0.2548721367545882,0.7451278632454118,0.47285938262939453,0.9856752157211304,1,1,1,1
test,249,7,0.14977736603751735,0.8502226339624827,-0.20744681358337402,0.9547066688537598,0,1,7,1
test,250,4,0.34495377595697324,0.6550462240430268,0.5127907991409302,-0.34604060649871826,1,0,3,0
test,251,0,0.26295059646312535,0.7370494035368746,0.8396483659744263,0.9963374137878418,1,1,0,1
test,252,1,0.2548721367545882,0.7451278632454118,0.3805415630340576,0.9969935417175293,1,1,1,1
test,253,6,0.17263666180201442,0.8273633381979856,0.03787195682525635,0.8803613185882568,1,1,6,1
test,254,6,0.17263666180201442,0.8273633381979856,0.2989152669906616,0.9807469844818115,1,1,6,1
test,255,2,0.20725491528952777,0.7927450847104722,0.3461425304412842,0.9981606006622314,1,1,2,1
test,256,9,0.5476871351771021,0.4523128648228979,0.8852899074554443,0.7377697229385376,1,1,9,1
test,257,4,0.34495377595697324,0.6550462240430268,0.43892574310302734,0.9697893857955933,1,1,4,1
test,258,0,0.26295059646312535,0.7370494035368746,0.6221911907196045,0.9957401752471924,1,1,0,1
test,259,9,0.5476871351771021,0.4523128648228979,0.9406461715698242,0.935924768447876,1,1,9,1
test,260,1,0.2548721367545882,0.7451278632454118,0.39799439907073975,0.9975684881210327,1,1,1,1
test,261,3,0.21401991484113564,0.7859800851588643,0.06253862380981445,0.9959551095962524,1,1,3,1
test,262,1,0.2548721367545882,0.7451278632454118,0.48829543590545654,0.9971580505371094,1,1,1,1
test,263,6,0.17263666180201442,0.8273633381979856,0.14635372161865234,0.9823967218399048,1,1,6,1
test,264,5,0.2074481684449928,0.7925518315550072,-0.17406624555587769,0.9892953634262085,0,1,5,1
test,265,5,0.2074481684449928,0.7925518315550072,0.12208139896392822,0.9506503343582153,1,1,5,1
test,266,4,0.34495377595697324,0.6550462240430268,0.3323650360107422,0.930679440498352,1,1,4,1
test,267,5,0.2074481684449928,0.7925518315550072,0.04866921901702881,0.9342736005783081,1,1,5,1
test,268,9,0.5476871351771021,0.4523128648228979,0.9278049468994141,0.8772768974304199,1,1,9,1
test,269,4,0.34495377595697324,0.6550462240430268,0.44822895526885986,-0.2598641514778137,1,0,4,1
test,270,5,0.2074481684449928,0.7925518315550072,0.22980260848999023,0.9900376796722412,1,1,5,1
test,271,9,0.5476871351771021,0.4523128648228979,0.929726243019104,0.8010286092758179,1,1,9,1
test,272,2,0.20725491528952777,0.7927450847104722,-0.023335695266723633,0.9918895959854126,1,1,2,1
test,273,5,0.2074481684449928,0.7925518315550072,0.24160301685333252,0.970081090927124,1,1,5,1
test,274,8,0.14214447487052495,0.857855525129475,-0.24660861492156982,0.934529185295105,0,1,8,1
test,275,2,0.20725491528952777,0.7927450847104722,0.28438591957092285,0.9977998733520508,1,1,2,1
test,276,6,0.17263666180201442,0.8273633381979856,0.352952241897583,0.97052001953125,1,1,6,1
test,277,3,0.21401991484113564,0.7859800851588643,0.2179347276687622,0.989547848701477,1,1,3,1
test,278,3,0.21401991484113564,0.7859800851588643,0.07111954689025879,0.9834792613983154,1,1,3,1
test,279,2,0.20725491528952777,0.7927450847104722,0.36426329612731934,0.9983552694320679,1,1,2,1
test,280,5,0.2074481684449928,0.7925518315550072,-0.0947420597076416,0.9833906888961792,0,1,5,1
test,281,6,0.17263666180201442,0.8273633381979856,-0.10196596384048462,0.988753080368042,0,1,6,1
test,282,0,0.26295059646312535,0.7370494035368746,0.4842325448989868,0.9958938360214233,1,1,0,1
test,283,3,0.21401991484113564,0.7859800851588643,0.4063819646835327,0.9511791467666626,1,1,3,1
test,284,9,0.5476871351771021,0.4523128648228979,0.9041571617126465,0.7571761608123779,1,1,9,1
test,285,0,0.26295059646312535,0.7370494035368746,0.8076574802398682,0.9954676628112793,1,1,0,1
test,286,5,0.2074481684449928,0.7925518315550072,0.0013606548309326172,0.9742636680603027,1,1,5,1
test,287,6,0.17263666180201442,0.8273633381979856,-0.09859079122543335,0.988640546798706,0,1,6,1
test,288,2,0.20725491528952777,0.7927450847104722,0.3116114139556885,0.9936999082565308,1,1,2,1
test,289,4,0.34495377595697324,0.6550462240430268,0.02712881565093994,0.9922997951507568,1,1,4,1
test,290,0,0.26295059646312535,0.7370494035368746,0.4178950786590576,0.9934291839599609,1,1,0,1
test,291,1,0.2548721367545882,0.7451278632454118,0.3074791431427002,0.9972233772277832,1,1,1,1
test,292,7,0.14977736603751735,0.8502226339624827,0.09315943717956543,0.9599629640579224,1,1,7,1
test,293,1,0.2548721367545882,0.7451278632454118,0.44668567180633545,0.9975494146347046,1,1,1,1
test,294,6,0.17263666180201442,0.8273633381979856,-0.3690671920776367,0.9853802919387817,0,1,6,1
test,295,1,0.2548721367545882,0.7451278632454118,0.3237612247467041,0.9958239793777466,1,1,1,1
test,296,3,0.21401991484113564,0.7859800851588643,0.18486666679382324,0.9943786859512329,1,1,3,1
test,297,6,0.17263666180201442,0.8273633381979856,0.08080315589904785,0.979385256767273,1,1,6,1
test,298,6,0.17263666180201442,0.8273633381979856,0.10005462169647217,0.9748200178146362,1,1,6,1
test,299,7,0.14977736603751735,0.8502226339624827,-0.021531760692596436,0.9643149375915527,1,1,7,1
test,300,5,0.2074481684449928,0.7925518315550072,-0.02707880735397339,0.9871044158935547,1,1,5,1
test,301,6,0.17263666180201442,0.8273633381979856,0.1620798110961914,0.9854792356491089,1,1,6,1
test,302,3,0.21401991484113564,0.7859800851588643,-0.10928696393966675,0.9933987855911255,0,1,3,1
test,303,5,0.2074481684449928,0.7925518315550072,0.20131051540374756,0.9502326250076294,1,1,5,1
test,304,6,0.17263666180201442,0.8273633381979856,-0.17127281427383423,0.9791048765182495,0,1,6,1
test,305,3,0.21401991484113564,0.7859800851588643,0.28388500213623047,0.9895006418228149,1,1,3,1
test,306,6,0.17263666180201442,0.8273633381979856,-0.002707064151763916,0.9644660949707031,1,1,6,1
test,307,6,0.17263666180201442,0.8273633381979856,0.34667110443115234,0.9765154123306274,1,1,6,1
test,308,8,0.14214447487052495,0.857855525129475,-0.5288800299167633,0.7259272336959839,0,1,8,1
test,309,0,0.26295059646312535,0.7370494035368746,0.37218165397644043,0.9958658218383789,1,1,0,1
test,310,7,0.14977736603751735,0.8502226339624827,-0.380182147026062,0.9647568464279175,0,1,7,1
test,311,5,0.2074481684449928,0.7925518315550072,-0.10233861207962036,0.9712132215499878,0,1,5,1
test,312,4,0.34495377595697324,0.6550462240430268,0.4602952003479004,0.9750597476959229,1,1,4,1
test,313,6,0.17263666180201442,0.8273633381979856,-0.1149975061416626,0.9751460552215576,0,1,6,1
test,314,6,0.17263666180201442,0.8273633381979856,0.28251171112060547,0.9855087995529175,1,1,6,1
test,315,4,0.34495377595697324,0.6550462240430268,0.238197922706604,0.9894567728042603,1,1,4,1
test,316,9,0.5476871351771021,0.4523128648228979,0.9202703237533569,0.8619415760040283,1,1,9,1
test,317,1,0.2548721367545882,0.7451278632454118,0.212538480758667,0.9933567047119141,1,1,1,1
test,318,7,0.14977736603751735,0.8502226339624827,-0.013227760791778564,0.9232348203659058,1,1,7,1
test,319,2,0.20725491528952777,0.7927450847104722,0.21447515487670898,0.9847583770751953,1,1,2,1
test,320,4,0.34495377595697324,0.6550462240430268,0.43192315101623535,-0.07894784212112427,1,0,4,1
test,321,0,0.26295059646312535,0.7370494035368746,-0.12827736139297485,0.9967256784439087,0,1,0,1
test,322,4,0.34495377595697324,0.6550462240430268,0.36946773529052734,0.9751583337783813,1,1,4,1
test,323,1,0.2548721367545882,0.7451278632454118,0.22629880905151367,0.9599580764770508,1,1,1,1
test,324,9,0.5476871351771021,0.4523128648228979,0.9492975473403931,0.8982625007629395,1,1,9,1
test,325,9,0.5476871351771021,0.4523128648228979,0.9631596803665161,0.9396880865097046,1,1,9,1
test,326,2,0.20725491528952777,0.7927450847104722,0.35731959342956543,0.9958653450012207,1,1,2,1
test,327,7,0.14977736603751735,0.8502226339624827,0.022195100784301758,0.9756792783737183,1,1,7,1
test,328,5,0.2074481684449928,0.7925518315550072,-0.14717340469360352,0.9828777313232422,0,1,5,1
test,329,5,0.2074481684449928,0.7925518315550072,0.16092562675476074,0.967639684677124,1,1,5,1
test,330,2,0.20725491528952777,0.7927450847104722,0.3423123359680176,0.9934505224227905,1,1,2,1
test,331,9,0.5476871351771021,0.4523128648228979,0.9004484415054321,0.8830533027648926,1,1,9,1
test,332,6,0.17263666180201442,0.8273633381979856,-0.4226040840148926,0.9822779893875122,0,1,6,1
test,333,1,0.2548721367545882,0.7451278632454118,0.4072774648666382,0.9973294734954834,1,1,1,1
test,334,9,0.5476871351771021,0.4523128648228979,0.939440131187439,0.8741086721420288,1,1,9,1
test,335,3,0.21401991484113564,0.7859800851588643,0.4021567106246948,0.8332908153533936,1,1,3,1
test,336,5,0.2074481684449928,0.7925518315550072,-0.1722099781036377,0.9846848249435425,0,1,5,1
test,337,6,0.17263666180201442,0.8273633381979856,-0.23513579368591309,0.9585984945297241,0,1,6,1
test,338,8,0.14214447487052495,0.857855525129475,-0.39844340085983276,0.9566211700439453,0,1,8,1
test,339,5,0.2074481684449928,0.7925518315550072,0.3268188238143921,0.6931829452514648,1,1,5,1
test,340,3,0.21401991484113564,0.7859800851588643,0.3305776119232178,0.9903032779693604,1,1,3,1
test,341,4,0.34495377595697324,0.6550462240430268,0.34192025661468506,0.9898264408111572,1,1,4,1
test,342,7,0.14977736603751735,0.8502226339624827,0.0778651237487793,0.9362025260925293,1,1,7,1
test,343,8,0.14214447487052495,0.857855525129475,-0.29789650440216064,0.9573789834976196,0,1,8,1
test,344,2,0.20725491528952777,0.7927450847104722,0.15907275676727295,0.973407506942749,1,1,2,1
test,345,4,0.34495377595697324,0.6550462240430268,0.46696746349334717,0.9515120983123779,1,1,4,1
test,346,1,0.2548721367545882,0.7451278632454118,0.19199860095977783,0.9301612377166748,1,1,1,1
test,347,2,0.20725491528952777,0.7927450847104722,0.16048526763916016,0.9627918004989624,1,1,2,1
test,348,6,0.17263666180201442,0.8273633381979856,-0.2580175995826721,0.8635097742080688,0,1,6,1
test,349,8,0.14214447487052495,0.857855525129475,-0.13307100534439087,0.9558405876159668,0,1,8,1
test,350,5,0.2074481684449928,0.7925518315550072,0.10531735420227051,0.7996772527694702,1,1,5,1
test,351,3,0.21401991484113564,0.7859800851588643,0.35862672328948975,0.9884294271469116,1,1,3,1
test,352,4,0.34495377595697324,0.6550462240430268,0.4637349843978882,0.37309765815734863,1,1,4,1
test,353,1,0.2548721367545882,0.7451278632454118,0.4705781936645508,0.9979114532470703,1,1,1,1
test,354,8,0.14214447487052495,0.857855525129475,-0.09321725368499756,0.9394408464431763,0,1,8,1
test,355,1,0.2548721367545882,0.7451278632454118,0.43584346771240234,0.9947082996368408,1,1,1,1
test,356,5,0.2074481684449928,0.7925518315550072,0.09381401538848877,0.9869611263275146,1,1,5,1
test,357,7,0.14977736603751735,0.8502226339624827,0.23123645782470703,0.7818909883499146,1,1,7,1
test,358,7,0.14977736603751735,0.8502226339624827,-0.7287258207798004,0.9294255971908569,0,1,7,1
test,359,8,0.14214447487052495,0.857855525129475,-0.20823949575424194,0.9544317722320557,0,1,8,1
test,360,2,0.20725491528952777,0.7927450847104722,0.03629112243652344,0.9932311773300171,1,1,2,1
test,361,7,0.14977736603751735,0.8502226339624827,0.30458080768585205,0.9741884469985962,1,1,7,1
test,362,8,0.14214447487052495,0.857855525129475,0.0658721923828125,0.4437140226364136,1,1,8,1
test,363,7,0.14977736603751735,0.8502226339624827,0.05278372764587402,0.864590048789978,1,1,7,1
test,364,8,0.14214447487052495,0.857855525129475,-0.22201067209243774,0.8303285837173462,0,1,8,1
test,365,9,0.5476871351771021,0.4523128648228979,0.9128475189208984,0.7292838096618652,1,1,9,1
test,366,2,0.20725491528952777,0.7927450847104722,0.3700571060180664,0.9981639385223389,1,1,2,1
test,367,6,0.17263666180201442,0.8273633381979856,-0.3781609535217285,0.9163496494293213,0,1,6,1
test,368,6,0.17263666180201442,0.8273633381979856,-0.5604324042797089,0.8425346612930298,0,1,6,1
test,369,9,0.5476871351771021,0.4523128648228979,0.8982911109924316,0.8050187826156616,1,1,9,1
test,370,5,0.2074481684449928,0.7925518315550072,0.26921188831329346,0.9909733533859253,1,1,5,1
test,371,1,0.2548721367545882,0.7451278632454118,0.43885552883148193,0.9469835758209229,1,1,1,1
test,372,9,0.5476871351771021,0.4523128648228979,0.9080300331115723,0.8201936483383179,1,1,9,1
test,373,4,0.34495377595697324,0.6550462240430268,0.11634397506713867,-0.7814925462007523,1,0,4,0
test,374,7,0.14977736603751735,0.8502226339624827,0.23214101791381836,0.9705790281295776,1,1,7,1
test,375,6,0.17263666180201442,0.8273633381979856,0.21424174308776855,0.983769416809082,1,1,6,1
test,376,4,0.34495377595697324,0.6550462240430268,0.16193127632141113,0.9936788082122803,1,1,4,1
test,377,6,0.17263666180201442,0.8273633381979856,-0.2669348120689392,0.8290480375289917,0,1,6,1
test,378,7,0.14977736603751735,0.8502226339624827,0.04620623588562012,0.9751313924789429,1,1,7,1
test,379,7,0.14977736603751735,0.8502226339624827,0.11436271667480469,-0.5751291215419769,1,0,7,0
test,380,0,0.26295059646312535,0.7370494035368746,0.1602342128753662,0.995697021484375,1,1,0,1
test,381,0,0.26295059646312535,0.7370494035368746,0.4225039482116699,0.9972068071365356,1,1,0,1
test,382,0,0.26295059646312535,0.7370494035368746,0.26560699939727783,0.9964500665664673,1,1,0,1
test,383,6,0.17263666180201442,0.8273633381979856,0.21588456630706787,0.9765992164611816,1,1,6,1
test,384,8,0.14214447487052495,0.857855525129475,-0.21654194593429565,0.9502813816070557,0,1,8,1
test,385,8,0.14214447487052495,0.857855525129475,-0.2269498109817505,0.9153209924697876,0,1,8,1
test,386,9,0.5476871351771021,0.4523128648228979,0.8727848529815674,0.656790018081665,1,1,9,1
test,387,2,0.20725491528952777,0.7927450847104722,0.27550673484802246,0.995040774345398,1,1,2,1
test,388,6,0.17263666180201442,0.8273633381979856,0.21231114864349365,0.984810471534729,1,1,6,1
test,389,1,0.2548721367545882,0.7451278632454118,0.13857340812683105,0.9652299880981445,1,1,1,1
test,390,2,0.20725491528952777,0.7927450847104722,0.23562848567962646,0.9977047443389893,1,1,2,1
test,391,5,0.2074481684449928,0.7925518315550072,-0.04038304090499878,0.9868721961975098,1,1,5,1
test,392,9,0.5476871351771021,0.4523128648228979,0.9306995868682861,0.886397123336792,1,1,9,1
test,393,2,0.20725491528952777,0.7927450847104722,0.2692415714263916,0.9978055953979492,1,1,2,1
test,394,4,0.34495377595697324,0.6550462240430268,0.21645057201385498,0.9938344955444336,1,1,4,1
test,395,5,0.2074481684449928,0.7925518315550072,0.19057834148406982,0.9862667322158813,1,1,5,1
test,396,6,0.17263666180201442,0.8273633381979856,0.20010828971862793,0.9730689525604248,1,1,6,1
test,397,4,0.34495377595697324,0.6550462240430268,0.49072134494781494,0.3499971628189087,1,1,4,1
test,398,5,0.2074481684449928,0.7925518315550072,-0.4100779891014099,0.9788084030151367,0,1,5,1
test,399,8,0.14214447487052495,0.857855525129475,-0.3799556493759155,0.8417023420333862,0,1,8,1
test,400,6,0.17263666180201442,0.8273633381979856,0.05137944221496582,0.9877090454101562,1,1,6,1
test,401,1,0.2548721367545882,0.7451278632454118,0.36273980140686035,0.9970170259475708,1,1,1,1
test,402,9,0.5476871351771021,0.4523128648228979,0.8641740083694458,-0.4166914224624634,1,0,9,1
test,403,0,0.26295059646312535,0.7370494035368746,0.7043818235397339,0.9944765567779541,1,1,0,1
test,404,5,0.2074481684449928,0.7925518315550072,0.2134556770324707,0.9697630405426025,1,1,5,1
test,405,8,0.14214447487052495,0.857855525129475,-0.41988855600357056,0.9132754802703857,0,1,8,1
test,406,0,0.26295059646312535,0.7370494035368746,0.2574279308319092,0.9919862747192383,1,1,0,1
test,407,0,0.26295059646312535,0.7370494035368746,0.763811469078064,0.9975477457046509,1,1,0,1
test,408,6,0.17263666180201442,0.8273633381979856,-0.5052476227283478,0.9420502185821533,0,1,6,1
test,409,0,0.26295059646312535,0.7370494035368746,0.2275378704071045,0.9781774282455444,1,1,0,1
test,410,0,0.26295059646312535,0.7370494035368746,0.4698648452758789,0.9974774122238159,1,1,0,1
test,411,8,0.14214447487052495,0.857855525129475,-0.39509010314941406,0.9484245777130127,0,1,8,1
test,412,3,0.21401991484113564,0.7859800851588643,0.3515876531600952,0.995940089225769,1,1,3,1
test,413,7,0.14977736603751735,0.8502226339624827,-0.14781558513641357,0.971293568611145,0,1,7,1
test,414,8,0.14214447487052495,0.857855525129475,-0.2672395706176758,0.9515849351882935,0,1,8,1
test,415,2,0.20725491528952777,0.7927450847104722,0.36271488666534424,0.9970643520355225,1,1,2,1
test,416,2,0.20725491528952777,0.7927450847104722,0.20170211791992188,0.5606435537338257,1,1,2,1
test,417,5,0.2074481684449928,0.7925518315550072,0.15840673446655273,0.12444424629211426,1,1,5,1
test,418,3,0.21401991484113564,0.7859800851588643,0.1372237205505371,0.9957746267318726,1,1,3,1
test,419,7,0.14977736603751735,0.8502226339624827,-0.443595290184021,0.9044325351715088,0,1,7,1
test,420,1,0.2548721367545882,0.7451278632454118,0.4378610849380493,0.9922484159469604,1,1,1,1
test,421,3,0.21401991484113564,0.7859800851588643,0.2368227243423462,-0.9694940522313118,1,0,3,0
test,422,8,0.14214447487052495,0.857855525129475,-0.3670138716697693,0.9518933296203613,0,1,8,1
test,423,9,0.5476871351771021,0.4523128648228979,0.8890931606292725,0.8724685907363892,1,1,9,1
test,424,8,0.14214447487052495,0.857855525129475,-0.4157891273498535,0.9504276514053345,0,1,8,1
test,425,4,0.34495377595697324,0.6550462240430268,0.45350420475006104,0.7284752130508423,1,1,4,1
test,426,6,0.17263666180201442,0.8273633381979856,-0.42031073570251465,0.9775949716567993,0,1,6,1
test,427,5,0.2074481684449928,0.7925518315550072,0.2542611360549927,0.7295287847518921,1,1,5,1
test,428,2,0.20725491528952777,0.7927450847104722,0.2837677001953125,0.9936972856521606,1,1,2,1
test,429,8,0.14214447487052495,0.857855525129475,-0.6029255092144012,0.8334847688674927,0,1,8,1
test,430,4,0.34495377595697324,0.6550462240430268,0.3745126724243164,0.5845699310302734,1,1,4,1
test,431,6,0.17263666180201442,0.8273633381979856,0.248008131980896,0.44109082221984863,1,1,6,1
test,432,4,0.34495377595697324,0.6550462240430268,0.3231372833251953,-0.3103686571121216,1,0,3,0
test,433,6,0.17263666180201442,0.8273633381979856,-0.16670775413513184,0.7787207365036011,0,1,6,1
test,434,5,0.2074481684449928,0.7925518315550072,-0.10130256414413452,0.4040853977203369,1,1,5,1
test,435,5,0.2074481684449928,0.7925518315550072,0.09231853485107422,0.9346184730529785,1,1,5,1
test,436,9,0.5476871351771021,0.4523128648228979,0.9375150203704834,0.8857109546661377,1,1,9,1
test,437,3,0.21401991484113564,0.7859800851588643,0.2760504484176636,0.9854838848114014,1,1,3,1
test,438,7,0.14977736603751735,0.8502226339624827,-0.2697751522064209,0.9768602848052979,0,1,7,1
test,439,5,0.2074481684449928,0.7925518315550072,0.09002244472503662,0.9902613162994385,1,1,5,1
test,440,1,0.2548721367545882,0.7451278632454118,0.4314020872116089,0.9891993999481201,1,1,1,1
test,441,1,0.2548721367545882,0.7451278632454118,0.11075282096862793,0.9942160844802856,1,1,1,1
test,442,9,0.5476871351771021,0.4523128648228979,0.9227248430252075,0.88973069190979,1,1,9,1
test,443,2,0.20725491528952777,0.7927450847104722,0.3190946578979492,0.9978346824645996,1,1,2,1
test,444,1,0.2548721367545882,0.7451278632454118,0.4736618995666504,0.9963374137878418,1,1,1,1
test,445,6,0.17263666180201442,0.8273633381979856,0.38205671310424805,0.5280884504318237,1,1,6,1
test,446,8,0.14214447487052495,0.857855525129475,-0.035841166973114014,0.880224347114563,1,1,8,1
test,447,9,0.5476871351771021,0.4523128648228979,0.842460036277771,0.7871451377868652,1,1,9,1
test,448,0,0.26295059646312535,0.7370494035368746,0.6867668628692627,0.9938176870346069,1,1,0,1
test,449,7,0.14977736603751735,0.8502226339624827,0.3511713743209839,0.6060707569122314,1,1,7,1
test,450,7,0.14977736603751735,0.8502226339624827,-0.7068345248699188,0.7846198081970215,0,1,7,1
test,451,4,0.34495377595697324,0.6550462240430268,0.37200188636779785,0.8560549020767212,1,1,4,1
test,452,2,0.20725491528952777,0.7927450847104722,0.17138183116912842,0.9947689771652222,1,1,2,1
test,453,4,0.34495377595697324,0.6550462240430268,0.4425009489059448,0.06999039649963379,1,1,4,1
test,454,1,0.2548721367545882,0.7451278632454118,0.3944058418273926,0.997258186340332,1,1,1,1
test,455,7,0.14977736603751735,0.8502226339624827,0.1718372106552124,0.9391076564788818,1,1,7,1
test,456,6,0.17263666180201442,0.8273633381979856,0.27423763275146484,0.9338455200195312,1,1,6,1
test,457,8,0.14214447487052495,0.857855525129475,-0.6858952939510345,0.9462786912918091,0,1,8,1
test,458,1,0.2548721367545882,0.7451278632454118,0.4652748107910156,0.9969890117645264,1,1,1,1
test,459,9,0.5476871351771021,0.4523128648228979,0.9047245979309082,0.9082971811294556,1,1,9,1
test,460,9,0.5476871351771021,0.4523128648228979,0.9241636991500854,0.9118646383285522,1,1,9,1
test,461,0,0.26295059646312535,0.7370494035368746,0.6757256984710693,0.9959807395935059,1,1,0,1
test,462,7,0.14977736603751735,0.8502226339624827,-0.340615451335907,0.9648028612136841,0,1,7,1
test,463,8,0.14214447487052495,0.857855525129475,-0.15751105546951294,0.8063336610794067,0,1,8,1
test,464,7,0.14977736603751735,0.8502226339624827,0.016568541526794434,0.9688050746917725,1,1,7,1
test,465,5,0.2074481684449928,0.7925518315550072,-0.03321152925491333,0.9919676780700684,1,1,5,1
test,466,8,0.14214447487052495,0.857855525129475,0.08365380764007568,0.1080789566040039,1,1,8,1
test,467,3,0.21401991484113564,0.7859800851588643,0.33739399909973145,0.9943110942840576,1,1,3,1
test,468,3,0.21401991484113564,0.7859800851588643,0.30591368675231934,0.9883493185043335,1,1,3,1
test,469,0,0.26295059646312535,0.7370494035368746,0.5814294815063477,0.9962193965911865,1,1,0,1
test,470,7,0.14977736603751735,0.8502226339624827,-0.3292451500892639,0.9236401319503784,0,1,7,1
test,471,8,0.14214447487052495,0.857855525129475,-0.4105442762374878,0.9536900520324707,0,1,8,1
test,472,5,0.2074481684449928,0.7925518315550072,0.050580620765686035,0.9908150434494019,1,1,5,1
test,473,6,0.17263666180201442,0.8273633381979856,-0.020969867706298828,0.8569507598876953,1,1,6,1
test,474,2,0.20725491528952777,0.7927450847104722,0.30455923080444336,0.9987508058547974,1,1,2,1
test,475,4,0.34495377595697324,0.6550462240430268,0.29579341411590576,0.9920061826705933,1,1,4,1
test,476,3,0.21401991484113564,0.7859800851588643,0.3784741163253784,0.9869862794876099,1,1,3,1
test,477,7,0.14977736603751735,0.8502226339624827,0.06062424182891846,0.5750491619110107,1,1,7,1
test,478,2,0.20725491528952777,0.7927450847104722,0.1262434720993042,0.9423580169677734,1,1,2,1
test,479,0,0.26295059646312535,0.7370494035368746,0.3425716161727905,0.9968221187591553,1,1,0,1
test,480,0,0.26295059646312535,0.7370494035368746,-0.02350330352783203,0.8817147016525269,0,1,0,1
test,481,3,0.21401991484113564,0.7859800851588643,0.23079133033752441,0.9889498949050903,1,1,3,1
test,482,6,0.17263666180201442,0.8273633381979856,0.25311005115509033,0.976958155632019,1,1,6,1
test,483,2,0.20725491528952777,0.7927450847104722,0.2554663419723511,0.9970824718475342,1,1,2,1
test,484,7,0.14977736603751735,0.8502226339624827,-0.033991217613220215,0.9783496856689453,1,1,7,1
test,485,4,0.34495377595697324,0.6550462240430268,0.21535217761993408,0.983623743057251,1,1,4,1
test,486,2,0.20725491528952777,0.7927450847104722,0.302212119102478,0.9971709251403809,1,1,2,1
test,487,5,0.2074481684449928,0.7925518315550072,0.18022370338439941,0.9934871196746826,1,1,5,1
test,488,0,0.26295059646312535,0.7370494035368746,0.0805668830871582,0.9882311820983887,1,1,0,1
test,489,6,0.17263666180201442,0.8273633381979856,0.1322340965270996,0.987946629524231,1,1,6,1
test,490,6,0.17263666180201442,0.8273633381979856,-0.41840797662734985,0.8695040941238403,0,1,6,1
test,491,6,0.17263666180201442,0.8273633381979856,-0.02469635009765625,0.981627345085144,1,1,6,1
test,492,4,0.34495377595697324,0.6550462240430268,0.3675251007080078,-0.24147045612335205,1,0,4,1
test,493,7,0.14977736603751735,0.8502226339624827,-0.21925628185272217,0.9726489782333374,0,1,7,1
test,494,6,0.17263666180201442,0.8273633381979856,0.15235888957977295,0.9898726940155029,1,1,6,1
test,495,5,0.2074481684449928,0.7925518315550072,0.3265340328216553,0.840844988822937,1,1,5,1
test,496,0,0.26295059646312535,0.7370494035368746,0.5100681781768799,0.9898871183395386,1,1,0,1
test,497,9,0.5476871351771021,0.4523128648228979,0.9493589401245117,0.9058111906051636,1,1,9,1
test,498,7,0.14977736603751735,0.8502226339624827,-0.2377382516860962,0.9738867282867432,0,1,7,1
test,499,2,0.20725491528952777,0.7927450847104722,0.2638537883758545,0.9967639446258545,1,1,2,1
test,500,1,0.2548721367545882,0.7451278632454118,0.40416693687438965,0.9664552211761475,1,1,1,1
test,501,5,0.2074481684449928,0.7925518315550072,0.13403713703155518,0.8170673847198486,1,1,5,1
test,502,5,0.2074481684449928,0.7925518315550072,0.003642559051513672,0.9870775938034058,1,1,5,1
test,503,1,0.2548721367545882,0.7451278632454118,0.10366320610046387,0.9971286058425903,1,1,1,1
test,504,6,0.17263666180201442,0.8273633381979856,0.20955181121826172,0.9887610673904419,1,1,6,1
test,505,1,0.2548721367545882,0.7451278632454118,0.4153151512145996,0.9960533380508423,1,1,1,1
test,506,5,0.2074481684449928,0.7925518315550072,0.3548450469970703,0.9554673433303833,1,1,5,1
test,507,3,0.21401991484113564,0.7859800851588643,-0.2807215452194214,0.9958890676498413,0,1,3,1
test,508,3,0.21401991484113564,0.7859800851588643,0.29289376735687256,0.9163126945495605,1,1,3,1
test,509,4,0.34495377595697324,0.6550462240430268,0.3695260286331177,-0.1149412989616394,1,0,4,1
test,510,6,0.17263666180201442,0.8273633381979856,-0.16784512996673584,0.5580898523330688,0,1,6,1
test,511,0,0.26295059646312535,0.7370494035368746,0.154413104057312,0.9971996545791626,1,1,0,1
test,512,0,0.26295059646312535,0.7370494035368746,0.6325534582138062,0.997227668762207,1,1,0,1
test,513,7,0.14977736603751735,0.8502226339624827,0.040682196617126465,0.9377989768981934,1,1,7,1
test,514,4,0.34495377595697324,0.6550462240430268,0.2786911725997925,0.9776210784912109,1,1,4,1
test,515,9,0.5476871351771021,0.4523128648228979,0.8629026412963867,0.6760656833648682,1,1,9,1
test,516,8,0.14214447487052495,0.857855525129475,-0.2370014190673828,0.5887061357498169,0,1,8,1
test,517,7,0.14977736603751735,0.8502226339624827,-0.44699496030807495,0.968826174736023,0,1,7,1
test,518,3,0.21401991484113564,0.7859800851588643,0.2271813154220581,0.9949381351470947,1,1,3,1
test,519,9,0.5476871351771021,0.4523128648228979,0.9330567121505737,0.7709751129150391,1,1,9,1
test,520,2,0.20725491528952777,0.7927450847104722,0.29252612590789795,0.9973299503326416,1,1,2,1
test,521,2,0.20725491528952777,0.7927450847104722,0.1315772533416748,0.998235821723938,1,1,2,1
test,522,5,0.2074481684449928,0.7925518315550072,-0.6960718333721161,0.9334722757339478,0,1,5,1
test,523,0,0.26295059646312535,0.7370494035368746,0.31851959228515625,0.995701789855957,1,1,0,1
test,524,2,0.20725491528952777,0.7927450847104722,0.3052595853805542,0.9845612049102783,1,1,2,1
test,525,4,0.34495377595697324,0.6550462240430268,0.22816693782806396,0.9869173765182495,1,1,4,1
test,526,6,0.17263666180201442,0.8273633381979856,-0.13716083765029907,0.9778010845184326,0,1,6,1
test,527,2,0.20725491528952777,0.7927450847104722,0.2990068197250366,0.9861599206924438,1,1,2,1
test,528,3,0.21401991484113564,0.7859800851588643,0.319629430770874,0.9818860292434692,1,1,3,1
test,529,4,0.34495377595697324,0.6550462240430268,0.4395017623901367,-0.06508487462997437,1,0,4,1
test,530,2,0.20725491528952777,0.7927450847104722,0.37604594230651855,0.9973313808441162,1,1,2,1
test,531,7,0.14977736603751735,0.8502226339624827,-0.09312713146209717,0.9736924171447754,0,1,7,1
test,532,1,0.2548721367545882,0.7451278632454118,0.3175848722457886,0.9975734949111938,1,1,1,1
test,533,7,0.14977736603751735,0.8502226339624827,-0.25478315353393555,0.9651814699172974,0,1,7,1
test,534,0,0.26295059646312535,0.7370494035368746,0.46112239360809326,0.9971652030944824,1,1,0,1
test,535,0,0.26295059646312535,0.7370494035368746,0.5241591930389404,0.9972240924835205,1,1,0,1
test,536,2,0.20725491528952777,0.7927450847104722,0.29280519485473633,0.9980504512786865,1,1,2,1
test,537,5,0.2074481684449928,0.7925518315550072,-0.0932687520980835,0.9911434650421143,0,1,5,1
test,538,1,0.2548721367545882,0.7451278632454118,0.47054827213287354,0.997470498085022,1,1,1,1
test,539,5,0.2074481684449928,0.7925518315550072,0.292507529258728,0.7959973812103271,1,1,5,1
test,540,3,0.21401991484113564,0.7859800851588643,-0.24529987573623657,0.9913661479949951,0,1,3,1
test,541,8,0.14214447487052495,0.857855525129475,-0.3953692317008972,0.9430222511291504,0,1,8,1
test,542,5,0.2074481684449928,0.7925518315550072,-0.09918659925460815,0.9908269643783569,0,1,5,1
test,543,5,0.2074481684449928,0.7925518315550072,0.21504557132720947,0.96006178855896,1,1,5,1
test,544,6,0.17263666180201442,0.8273633381979856,-0.3961449861526489,0.9869359731674194,0,1,6,1
test,545,0,0.26295059646312535,0.7370494035368746,-0.18967634439468384,0.996198296546936,0,1,0,1
test,546,8,0.14214447487052495,0.857855525129475,-0.1357187032699585,0.8114708662033081,0,1,8,1
test,547,8,0.14214447487052495,0.857855525129475,-0.32299768924713135,0.9525882005691528,0,1,8,1
test,548,4,0.34495377595697324,0.6550462240430268,0.21906840801239014,0.9790478944778442,1,1,4,1
test,549,3,0.21401991484113564,0.7859800851588643,0.3324376344680786,0.9853589534759521,1,1,3,1
test,550,0,0.26295059646312535,0.7370494035368746,0.5646737813949585,0.9975905418395996,1,1,0,1
test,551,2,0.20725491528952777,0.7927450847104722,-0.01411449909210205,0.9947155714035034,1,1,2,1
test,552,3,0.21401991484113564,0.7859800851588643,-0.18712610006332397,0.9900122880935669,0,1,3,1
test,553,6,0.17263666180201442,0.8273633381979856,-0.15319335460662842,0.9810985326766968,0,1,6,1
test,554,0,0.26295059646312535,0.7370494035368746,0.6478078365325928,0.9972141981124878,1,1,0,1
test,555,5,0.2074481684449928,0.7925518315550072,-0.45813143253326416,0.9609894752502441,0,1,5,1
test,556,6,0.17263666180201442,0.8273633381979856,-0.22229790687561035,0.9691214561462402,0,1,6,1
test,557,6,0.17263666180201442,0.8273633381979856,-0.15278220176696777,0.9833388328552246,0,1,6,1
test,558,2,0.20725491528952777,0.7927450847104722,0.21937501430511475,0.9955804347991943,1,1,2,1
test,559,3,0.21401991484113564,0.7859800851588643,0.2961791753768921,0.9895269870758057,1,1,3,1
test,560,2,0.20725491528952777,0.7927450847104722,0.2616701126098633,0.9957636594772339,1,1,2,1
test,561,0,0.26295059646312535,0.7370494035368746,0.19142210483551025,0.9965201616287231,1,1,0,1
test,562,9,0.5476871351771021,0.4523128648228979,0.9391146898269653,0.9347364902496338,1,1,9,1
test,563,0,0.26295059646312535,0.7370494035368746,0.5420289039611816,0.9972269535064697,1,1,0,1
test,564,5,0.2074481684449928,0.7925518315550072,-0.023671090602874756,0.9856302738189697,1,1,5,1
test,565,0,0.26295059646312535,0.7370494035368746,0.5738729238510132,0.997138500213623,1,1,0,1
test,566,9,0.5476871351771021,0.4523128648228979,0.9336527585983276,0.9518871307373047,1,1,9,1
test,567,7,0.14977736603751735,0.8502226339624827,-0.08545851707458496,0.9614590406417847,1,1,7,1
test,568,8,0.14214447487052495,0.857855525129475,-0.24536824226379395,0.8965964317321777,0,1,8,1
test,569,1,0.2548721367545882,0.7451278632454118,0.313462495803833,0.9976963996887207,1,1,1,1
test,570,3,0.21401991484113564,0.7859800851588643,0.3945833444595337,0.9834082126617432,1,1,3,1
test,571,4,0.34495377595697324,0.6550462240430268,0.3155043125152588,0.9850234985351562,1,1,4,1
test,572,9,0.5476871351771021,0.4523128648228979,0.9114892482757568,0.9402724504470825,1,1,9,1
test,573,6,0.17263666180201442,0.8273633381979856,-0.17959851026535034,0.9852834939956665,0,1,6,1
test,574,9,0.5476871351771021,0.4523128648228979,0.8891490697860718,0.811920166015625,1,1,9,1
test,575,1,0.2548721367545882,0.7451278632454118,0.3304758071899414,0.9973189830780029,1,1,1,1
test,576,4,0.34495377595697324,0.6550462240430268,0.4303516149520874,0.46673834323883057,1,1,4,1
test,577,0,0.26295059646312535,0.7370494035368746,0.7006933689117432,0.9977849721908569,1,1,0,1
test,578,2,0.20725491528952777,0.7927450847104722,0.2223294973373413,0.9972018003463745,1,1,2,1
test,579,9,0.5476871351771021,0.4523128648228979,0.92522132396698,0.8587830066680908,1,1,9,1
test,580,4,0.34495377595697324,0.6550462240430268,0.3663579225540161,0.9198669195175171,1,1,4,1
test,581,7,0.14977736603751735,0.8502226339624827,-0.3145713806152344,0.9312543869018555,0,1,7,1
test,582,5,0.2074481684449928,0.7925518315550072,0.3343876600265503,0.9810224771499634,1,1,5,1
test,583,3,0.21401991484113564,0.7859800851588643,0.26196467876434326,0.9895753860473633,1,1,3,1
test,584,5,0.2074481684449928,0.7925518315550072,0.26428139209747314,0.9906879663467407,1,1,5,1
test,585,7,0.14977736603751735,0.8502226339624827,-0.09408760070800781,0.9734342098236084,0,1,7,1
test,586,1,0.2548721367545882,0.7451278632454118,0.44383203983306885,0.9975857734680176,1,1,1,1
test,587,8,0.14214447487052495,0.857855525129475,-0.20645391941070557,0.9482816457748413,0,1,8,1
test,588,9,0.5476871351771021,0.4523128648228979,0.8527315855026245,0.6122971773147583,1,1,9,1
test,589,9,0.5476871351771021,0.4523128648228979,0.960152268409729,0.9283764362335205,1,1,9,1
test,590,1,0.2548721367545882,0.7451278632454118,0.39657092094421387,0.9932880401611328,1,1,1,1
test,591,6,0.17263666180201442,0.8273633381979856,-0.06017887592315674,0.9828541278839111,0,1,6,1
test,592,0,0.26295059646312535,0.7370494035368746,0.46095430850982666,0.9911437034606934,1,1,0,1
test,593,4,0.34495377595697324,0.6550462240430268,0.42113518714904785,0.981482744216919,1,1,4,1
test,594,5,0.2074481684449928,0.7925518315550072,0.10606086254119873,0.734603762626648,1,1,5,1
test,595,6,0.17263666180201442,0.8273633381979856,-0.35684359073638916,0.9501005411148071,0,1,6,1
test,596,7,0.14977736603751735,0.8502226339624827,-0.46777987480163574,0.9730473756790161,0,1,7,1
test,597,2,0.20725491528952777,0.7927450847104722,0.09085643291473389,0.9939050674438477,1,1,2,1
test,598,6,0.17263666180201442,0.8273633381979856,-0.5742171406745911,0.9348061084747314,0,1,6,1
test,599,9,0.5476871351771021,0.4523128648228979,0.9444619417190552,0.816603422164917,1,1,9,1
test,600,2,0.20725491528952777,0.7927450847104722,0.2732752561569214,0.9978801012039185,1,1,2,1
test,601,9,0.5476871351771021,0.4523128648228979,0.9272891283035278,0.8983215093612671,1,1,9,1
test,602,4,0.34495377595697324,0.6550462240430268,0.43731725215911865,0.8203094005584717,1,1,4,1
test,603,4,0.34495377595697324,0.6550462240430268,-0.02016228437423706,0.9940387010574341,1,1,4,1
test,604,6,0.17263666180201442,0.8273633381979856,0.23937642574310303,0.8725895881652832,1,1,6,1
test,605,0,0.26295059646312535,0.7370494035368746,0.07037127017974854,0.9979226589202881,1,1,0,1
test,606,5,0.2074481684449928,0.7925518315550072,0.03162562847137451,0.9897474050521851,1,1,5,1
test,607,2,0.20725491528952777,0.7927450847104722,0.2995489835739136,0.9738036394119263,1,1,2,1
test,608,5,0.2074481684449928,0.7925518315550072,0.3542940616607666,0.9059159755706787,1,1,5,1
test,609,9,0.5476871351771021,0.4523128648228979,0.8692004680633545,0.467384934425354,1,1,9,1
test,610,5,0.2074481684449928,0.7925518315550072,0.19803059101104736,0.5810725688934326,1,1,5,1
test,611,4,0.34495377595697324,0.6550462240430268,0.35927796363830566,-0.17701494693756104,1,0,4,1
test,612,0,0.26295059646312535,0.7370494035368746,0.30682945251464844,0.9949777126312256,1,1,0,1
test,613,9,0.5476871351771021,0.4523128648228979,0.9045314788818359,0.8726871013641357,1,1,9,1
test,614,6,0.17263666180201442,0.8273633381979856,-0.40812480449676514,0.9740400314331055,0,1,6,1
test,615,5,0.2074481684449928,0.7925518315550072,0.2500208616256714,0.9741997718811035,1,1,5,1
test,616,5,0.2074481684449928,0.7925518315550072,0.1749478578567505,0.9852569103240967,1,1,5,1
test,617,7,0.14977736603751735,0.8502226339624827,0.19652116298675537,0.5781823396682739,1,1,7,1
test,618,2,0.20725491528952777,0.7927450847104722,-0.04018199443817139,0.813172459602356,1,1,2,1
test,619,8,0.14214447487052495,0.857855525129475,-0.03348112106323242,0.7840261459350586,1,1,8,1
test,620,0,0.26295059646312535,0.7370494035368746,0.3360867500305176,0.997220516204834,1,1,0,1
test,621,0,0.26295059646312535,0.7370494035368746,0.1482166051864624,0.9461309909820557,1,1,0,1
test,622,2,0.20725491528952777,0.7927450847104722,0.2829093933105469,0.9956879615783691,1,1,2,1
test,623,5,0.2074481684449928,0.7925518315550072,-0.3288843035697937,0.7139041423797607,0,1,5,1
test,624,5,0.2074481684449928,0.7925518315550072,0.19319450855255127,0.9885654449462891,1,1,5,1
test,625,5,0.2074481684449928,0.7925518315550072,0.14229655265808105,0.9885413646697998,1,1,5,1
test,626,3,0.21401991484113564,0.7859800851588643,0.15885567665100098,0.9961925745010376,1,1,3,1
test,627,2,0.20725491528952777,0.7927450847104722,-0.12303334474563599,0.6487478017807007,0,1,2,1
test,628,6,0.17263666180201442,0.8273633381979856,0.2787250280380249,0.9397473335266113,1,1,6,1
test,629,5,0.2074481684449928,0.7925518315550072,0.2959170341491699,0.9454813003540039,1,1,5,1
test,630,5,0.2074481684449928,0.7925518315550072,-0.027701854705810547,0.9897840023040771,1,1,5,1
test,631,0,0.26295059646312535,0.7370494035368746,0.6091626882553101,0.9961885213851929,1,1,0,1
test,632,5,0.2074481684449928,0.7925518315550072,0.007703900337219238,0.9880408048629761,1,1,5,1
test,633,9,0.5476871351771021,0.4523128648228979,0.9171905517578125,0.8775968551635742,1,1,9,1
test,634,4,0.34495377595697324,0.6550462240430268,0.018835902214050293,0.994394063949585,1,1,4,1
test,635,3,0.21401991484113564,0.7859800851588643,0.3897808790206909,0.9949400424957275,1,1,3,1
test,636,4,0.34495377595697324,0.6550462240430268,0.321347713470459,0.6345895528793335,1,1,4,1
test,637,9,0.5476871351771021,0.4523128648228979,0.9365811347961426,0.8987772464752197,1,1,9,1
test,638,3,0.21401991484113564,0.7859800851588643,0.26819169521331787,0.9887148141860962,1,1,3,1
test,639,8,0.14214447487052495,0.857855525129475,-0.21922534704208374,0.8312877416610718,0,1,8,1
test,640,0,0.26295059646312535,0.7370494035368746,0.7297008037567139,0.9966717958450317,1,1,0,1
test,641,2,0.20725491528952777,0.7927450847104722,0.19793367385864258,0.9647476673126221,1,1,2,1
test,642,2,0.20725491528952777,0.7927450847104722,-0.11360001564025879,0.6726672649383545,0,1,2,1
test,643,1,0.2548721367545882,0.7451278632454118,0.45850610733032227,0.9924653768539429,1,1,1,1
test,644,8,0.14214447487052495,0.857855525129475,-0.1927846074104309,0.9228757619857788,0,1,8,1
test,645,0,0.26295059646312535,0.7370494035368746,0.3757270574569702,0.995355486869812,1,1,0,1
test,646,0,0.26295059646312535,0.7370494035368746,0.37917959690093994,0.9950114488601685,1,1,0,1
test,647,0,0.26295059646312535,0.7370494035368746,-0.10942083597183228,0.8186602592468262,0,1,0,1
test,648,1,0.2548721367545882,0.7451278632454118,0.3900566101074219,0.9661879539489746,1,1,1,1
test,649,9,0.5476871351771021,0.4523128648228979,0.9123862981796265,0.7133983373641968,1,1,9,1
test,650,1,0.2548721367545882,0.7451278632454118,0.36752355098724365,0.9779466390609741,1,1,1,1
test,651,8,0.14214447487052495,0.857855525129475,-0.006337642669677734,0.7420433759689331,1,1,8,1
test,652,0,0.26295059646312535,0.7370494035368746,-0.018868744373321533,0.9862751960754395,0,1,0,1
test,653,1,0.2548721367545882,0.7451278632454118,0.4031022787094116,0.9972443580627441,1,1,1,1
test,654,8,0.14214447487052495,0.857855525129475,-0.19965648651123047,0.7127420902252197,0,1,8,1
test,655,9,0.5476871351771021,0.4523128648228979,0.9017500877380371,0.9570335149765015,1,1,9,1
test,656,3,0.21401991484113564,0.7859800851588643,0.32347702980041504,0.9326646327972412,1,1,3,1
test,657,4,0.34495377595697324,0.6550462240430268,0.38118672370910645,0.9156794548034668,1,1,4,1
test,658,7,0.14977736603751735,0.8502226339624827,-0.37520432472229004,0.9392313957214355,0,1,7,1
test,659,3,0.21401991484113564,0.7859800851588643,0.22212469577789307,0.9914671182632446,1,1,3,1
test,660,2,0.20725491528952777,0.7927450847104722,0.21882867813110352,0.9960604906082153,1,1,2,1
test,661,9,0.5476871351771021,0.4523128648228979,0.8812408447265625,0.8444594144821167,1,1,9,1
test,662,5,0.2074481684449928,0.7925518315550072,0.17249464988708496,0.9897686243057251,1,1,5,1
test,663,2,0.20725491528952777,0.7927450847104722,0.3254835605621338,0.9980707168579102,1,1,2,1
test,664,5,0.2074481684449928,0.7925518315550072,0.0783618688583374,0.8349125385284424,1,1,5,1
test,665,5,0.2074481684449928,0.7925518315550072,0.2543673515319824,0.9843961000442505,1,1,5,1
test,666,3,0.21401991484113564,0.7859800851588643,-0.013275682926177979,0.9955016374588013,1,1,3,1
test,667,8,0.14214447487052495,0.857855525129475,-0.3018803000450134,0.9543478488922119,0,1,8,1
test,668,7,0.14977736603751735,0.8502226339624827,0.19020724296569824,0.9774656295776367,1,1,7,1
test,669,8,0.14214447487052495,0.857855525129475,-0.31862854957580566,0.9239791631698608,0,1,8,1
test,670,6,0.17263666180201442,0.8273633381979856,-0.20193785429000854,0.8813565969467163,0,1,6,1
test,671,9,0.5476871351771021,0.4523128648228979,0.7854225635528564,0.7890826463699341,1,1,9,1
test,672,8,0.14214447487052495,0.857855525129475,-0.2843015789985657,0.890929102897644,0,1,8,1
test,673,1,0.2548721367545882,0.7451278632454118,0.13252246379852295,0.9893695116043091,1,1,1,1
test,674,8,0.14214447487052495,0.857855525129475,-0.2402176856994629,0.8695962429046631,0,1,8,1
test,675,4,0.34495377595697324,0.6550462240430268,0.3450894355773926,0.9715219736099243,1,1,4,1
test,676,2,0.20725491528952777,0.7927450847104722,0.04103696346282959,0.9924410581588745,1,1,2,1
test,677,2,0.20725491528952777,0.7927450847104722,0.1299302577972412,0.71764075756073,1,1,2,1
test,678,6,0.17263666180201442,0.8273633381979856,-0.23119229078292847,0.9795123338699341,0,1,6,1
test,679,8,0.14214447487052495,0.857855525129475,-0.04849511384963989,0.9286075830459595,1,1,8,1
test,680,1,0.2548721367545882,0.7451278632454118,0.4790656566619873,0.9922616481781006,1,1,1,1
test,681,6,0.17263666180201442,0.8273633381979856,-0.2597566246986389,0.9433069229125977,0,1,6,1
test,682,8,0.14214447487052495,0.857855525129475,-0.22358852624893188,0.8814976215362549,0,1,8,1
test,683,6,0.17263666180201442,0.8273633381979856,0.018810391426086426,0.9481126070022583,1,1,6,1
test,684,0,0.26295059646312535,0.7370494035368746,0.2885165214538574,0.9954468011856079,1,1,0,1
test,685,8,0.14214447487052495,0.857855525129475,-0.18157953023910522,0.9057334661483765,0,1,8,1
test,686,4,0.34495377595697324,0.6550462240430268,0.43878400325775146,-0.20790117979049683,1,0,4,1
test,687,6,0.17263666180201442,0.8273633381979856,0.18142950534820557,0.9524357318878174,1,1,6,1
test,688,4,0.34495377595697324,0.6550462240430268,0.40341997146606445,0.9788076877593994,1,1,4,1
test,689,0,0.26295059646312535,0.7370494035368746,0.2160106897354126,0.9969490766525269,1,1,0,1
test,690,3,0.21401991484113564,0.7859800851588643,-0.2746356129646301,0.9926395416259766,0,1,3,1
test,691,1,0.2548721367545882,0.7451278632454118,0.3195878267288208,0.9601234197616577,1,1,1,1
test,692,0,0.26295059646312535,0.7370494035368746,0.4879509210586548,0.6406582593917847,1,1,0,1
test,693,6,0.17263666180201442,0.8273633381979856,0.2473510503768921,0.9859038591384888,1,1,6,1
test,694,7,0.14977736603751735,0.8502226339624827,0.15206825733184814,0.9708343744277954,1,1,7,1
test,695,0,0.26295059646312535,0.7370494035368746,0.7470111846923828,0.9971209764480591,1,1,0,1
test,696,4,0.34495377595697324,0.6550462240430268,0.4037938117980957,0.9854540824890137,1,1,4,1
test,697,0,0.26295059646312535,0.7370494035368746,0.26304030418395996,0.9927048683166504,1,1,0,1
test,698,7,0.14977736603751735,0.8502226339624827,0.19250380992889404,0.9081932306289673,1,1,7,1
test,699,4,0.34495377595697324,0.6550462240430268,0.42095065116882324,-0.2730928063392639,1,0,4,1
test,700,2,0.20725491528952777,0.7927450847104722,0.2647823095321655,0.9945700168609619,1,1,2,1
test,701,6,0.17263666180201442,0.8273633381979856,-0.13697504997253418,0.9707643985748291,0,1,6,1
test,702,5,0.2074481684449928,0.7925518315550072,0.15479767322540283,0.9832645654678345,1,1,5,1
test,703,4,0.34495377595697324,0.6550462240430268,0.05796515941619873,0.9942995309829712,1,1,4,1
test,704,9,0.5476871351771021,0.4523128648228979,0.9455235004425049,0.853339672088623,1,1,9,1
test,705,8,0.14214447487052495,0.857855525129475,-0.46016377210617065,0.8588137626647949,0,1,8,1
test,706,8,0.14214447487052495,0.857855525129475,-0.20453816652297974,0.8302047252655029,0,1,8,1
test,707,4,0.34495377595697324,0.6550462240430268,0.36476969718933105,0.5731347799301147,1,1,4,1
test,708,9,0.5476871351771021,0.4523128648228979,0.9120430946350098,0.8851799964904785,1,1,9,1
test,709,0,0.26295059646312535,0.7370494035368746,0.41902291774749756,0.9926527738571167,1,1,0,1
test,710,9,0.5476871351771021,0.4523128648228979,0.9622167348861694,0.9381898641586304,1,1,9,1
test,711,8,0.14214447487052495,0.857855525129475,-0.18275684118270874,0.8396998643875122,0,1,8,1
test,712,8,0.14214447487052495,0.857855525129475,-0.28667575120925903,0.9522982835769653,0,1,8,1
test,713,2,0.20725491528952777,0.7927450847104722,0.10180878639221191,0.9842691421508789,1,1,2,1
test,714,4,0.34495377595697324,0.6550462240430268,0.4252278804779053,0.989736795425415,1,1,4,1
test,715,1,0.2548721367545882,0.7451278632454118,0.35219883918762207,0.9949074983596802,1,1,1,1
test,716,7,0.14977736603751735,0.8502226339624827,-0.10601764917373657,0.9781310558319092,0,1,7,1
test,717,0,0.26295059646312535,0.7370494035368746,0.36919617652893066,0.9972134828567505,1,1,0,1
test,718,4,0.34495377595697324,0.6550462240430268,0.39916539192199707,0.9778302907943726,1,1,4,1
test,719,4,0.34495377595697324,0.6550462240430268,0.4092378616333008,0.9065777063369751,1,1,4,1
test,720,1,0.2548721367545882,0.7451278632454118,0.45101773738861084,0.9957839250564575,1,1,1,1
test,721,0,0.26295059646312535,0.7370494035368746,0.13921034336090088,0.9970964193344116,1,1,0,1
test,722,4,0.34495377595697324,0.6550462240430268,0.39880597591400146,0.12854492664337158,1,1,4,1
test,723,4,0.34495377595697324,0.6550462240430268,0.1812983751296997,0.9937942028045654,1,1,4,1
test,724,2,0.20725491528952777,0.7927450847104722,-0.07786929607391357,0.9434161186218262,0,1,2,1
test,725,3,0.21401991484113564,0.7859800851588643,0.20075476169586182,0.9949637651443481,1,1,3,1
test,726,5,0.2074481684449928,0.7925518315550072,0.2536783218383789,0.7352514266967773,1,1,5,1
test,727,3,0.21401991484113564,0.7859800851588643,0.3795253038406372,0.9868580102920532,1,1,3,1
test,728,5,0.2074481684449928,0.7925518315550072,0.31619250774383545,0.9134870767593384,1,1,5,1
test,729,4,0.34495377595697324,0.6550462240430268,0.14243817329406738,0.9939719438552856,1,1,4,1
test,730,6,0.17263666180201442,0.8273633381979856,0.2149975299835205,0.9848450422286987,1,1,6,1
test,731,9,0.5476871351771021,0.4523128648228979,0.888292670249939,0.5948977470397949,1,1,9,1
test,732,1,0.2548721367545882,0.7451278632454118,0.33869755268096924,0.9976679086685181,1,1,1,1
test,733,6,0.17263666180201442,0.8273633381979856,-0.440574049949646,0.9427580833435059,0,1,6,1
test,734,0,0.26295059646312535,0.7370494035368746,0.29949307441711426,0.9949257373809814,1,1,0,1
test,735,1,0.2548721367545882,0.7451278632454118,0.40831518173217773,0.996495246887207,1,1,1,1
test,736,2,0.20725491528952777,0.7927450847104722,0.2764317989349365,0.9470340013504028,1,1,2,1
test,737,5,0.2074481684449928,0.7925518315550072,-0.3769376873970032,0.9915167093276978,0,1,5,1
test,738,0,0.26295059646312535,0.7370494035368746,0.40371406078338623,0.9958646297454834,1,1,0,1
test,739,2,0.20725491528952777,0.7927450847104722,0.061643362045288086,0.8510276079177856,1,1,2,1
test,740,7,0.14977736603751735,0.8502226339624827,-0.3274076581001282,0.9750469923019409,0,1,7,1
test,741,9,0.5476871351771021,0.4523128648228979,0.928683876991272,0.7540866136550903,1,1,9,1
test,742,7,0.14977736603751735,0.8502226339624827,-0.591953843832016,0.8725121021270752,0,1,7,1
test,743,9,0.5476871351771021,0.4523128648228979,0.8920316696166992,0.8595649003982544,1,1,9,1
test,744,3,0.21401991484113564,0.7859800851588643,0.24071502685546875,0.9957131147384644,1,1,3,1
test,745,2,0.20725491528952777,0.7927450847104722,-0.2033824920654297,0.9333233833312988,0,1,2,1
test,746,4,0.34495377595697324,0.6550462240430268,0.37207329273223877,0.9933226108551025,1,1,4,1
test,747,7,0.14977736603751735,0.8502226339624827,-0.2815682291984558,0.9687032699584961,0,1,7,1
test,748,8,0.14214447487052495,0.857855525129475,-0.4629836678504944,0.9513945579528809,0,1,8,1
test,749,1,0.2548721367545882,0.7451278632454118,0.4475597143173218,0.9976170063018799,1,1,1,1
test,750,4,0.34495377595697324,0.6550462240430268,0.4000358581542969,0.41942012310028076,1,1,4,1
test,751,3,0.21401991484113564,0.7859800851588643,0.33747684955596924,0.9762406349182129,1,1,3,1
test,752,6,0.17263666180201442,0.8273633381979856,-0.3378733992576599,0.9630708694458008,0,1,6,1
test,753,9,0.5476871351771021,0.4523128648228979,0.9406073093414307,0.9355514049530029,1,1,9,1
test,754,0,0.26295059646312535,0.7370494035368746,0.3481789827346802,0.9327763319015503,1,1,0,1
test,755,9,0.5476871351771021,0.4523128648228979,0.9287887811660767,0.7736469507217407,1,1,9,1
test,756,8,0.14214447487052495,0.857855525129475,0.04663538932800293,0.8249543905258179,1,1,8,1
test,757,1,0.2548721367545882,0.7451278632454118,0.29454541206359863,0.9941235780715942,1,1,1,1
test,758,4,0.34495377595697324,0.6550462240430268,0.35720598697662354,0.986953854560852,1,1,4,1
test,759,8,0.14214447487052495,0.857855525129475,-0.14912468194961548,0.9474129676818848,0,1,8,1
test,760,9,0.5476871351771021,0.4523128648228979,-0.721516489982605,0.6708416938781738,0,1,9,0
test,761,2,0.20725491528952777,0.7927450847104722,0.2639197111129761,0.9945361614227295,1,1,2,1
test,762,6,0.17263666180201442,0.8273633381979856,0.13667476177215576,0.9837363958358765,1,1,6,1
test,763,2,0.20725491528952777,0.7927450847104722,0.34518980979919434,0.9923503398895264,1,1,2,1
test,764,9,0.5476871351771021,0.4523128648228979,0.9060146808624268,0.8126472234725952,1,1,9,1
test,765,5,0.2074481684449928,0.7925518315550072,0.1230078935623169,0.657524824142456,1,1,5,1
test,766,1,0.2548721367545882,0.7451278632454118,0.4233187437057495,0.9829844236373901,1,1,1,1
test,767,2,0.20725491528952777,0.7927450847104722,0.29389119148254395,0.9966132640838623,1,1,2,1
test,768,4,0.34495377595697324,0.6550462240430268,0.15791189670562744,0.9846738576889038,1,1,4,1
test,769,9,0.5476871351771021,0.4523128648228979,0.9433596134185791,0.9170900583267212,1,1,9,1
test,770,5,0.2074481684449928,0.7925518315550072,0.2428349256515503,0.7180949449539185,1,1,5,1
test,771,9,0.5476871351771021,0.4523128648228979,0.9378392696380615,0.847493052482605,1,1,9,1
test,772,9,0.5476871351771021,0.4523128648228979,0.9502048492431641,0.9247269630432129,1,1,9,1
test,773,9,0.5476871351771021,0.4523128648228979,0.7680995464324951,-0.07687604427337646,1,0,9,1
test,774,1,0.2548721367545882,0.7451278632454118,0.2798902988433838,0.9976193904876709,1,1,1,1
test,775,5,0.2074481684449928,0.7925518315550072,0.2584378719329834,0.8133440017700195,1,1,5,1
test,776,0,0.26295059646312535,0.7370494035368746,0.4234277009963989,0.9964421987533569,1,1,0,1
test,777,4,0.34495377595697324,0.6550462240430268,0.06059896945953369,0.9935945272445679,1,1,4,1
test,778,1,0.2548721367545882,0.7451278632454118,0.37278831005096436,0.9979071617126465,1,1,1,1
test,779,2,0.20725491528952777,0.7927450847104722,0.36674559116363525,0.9977338314056396,1,1,2,1
test,780,5,0.2074481684449928,0.7925518315550072,0.10524296760559082,0.8272671699523926,1,1,5,1
test,781,9,0.5476871351771021,0.4523128648228979,0.916475772857666,0.9068671464920044,1,1,9,1
test,782,0,0.26295059646312535,0.7370494035368746,0.6247011423110962,0.9970688819885254,1,1,0,1
test,783,2,0.20725491528952777,0.7927450847104722,0.17443907260894775,0.9744981527328491,1,1,2,1
test,784,0,0.26295059646312535,0.7370494035368746,0.5641428232192993,0.9970769882202148,1,1,0,1
test,785,7,0.14977736603751735,0.8502226339624827,-0.00721365213394165,0.9676039218902588,1,1,7,1
test,786,0,0.26295059646312535,0.7370494035368746,0.46017467975616455,0.9971226453781128,1,1,0,1
test,787,9,0.5476871351771021,0.4523128648228979,0.9381908178329468,0.9267959594726562,1,1,9,1
test,788,1,0.2548721367545882,0.7451278632454118,0.43559587001800537,0.9971530437469482,1,1,1,1
test,789,4,0.34495377595697324,0.6550462240430268,0.38659393787384033,0.8762192726135254,1,1,4,1
test,790,3,0.21401991484113564,0.7859800851588643,0.2772963047027588,0.9930117130279541,1,1,3,1
test,791,3,0.21401991484113564,0.7859800851588643,0.4006335735321045,0.9935115575790405,1,1,3,1
test,792,2,0.20725491528952777,0.7927450847104722,0.13174080848693848,0.9967132806777954,1,1,2,1
test,793,5,0.2074481684449928,0.7925518315550072,-0.09670400619506836,0.8928225040435791,1,1,5,1
test,794,9,0.5476871351771021,0.4523128648228979,0.9204143285751343,0.9339141845703125,1,1,9,1
test,795,4,0.34495377595697324,0.6550462240430268,-0.03702092170715332,0.9908214807510376,1,1,4,1
test,796,5,0.2074481684449928,0.7925518315550072,-0.5123139917850494,0.990791916847229,0,1,5,1
test,797,1,0.2548721367545882,0.7451278632454118,0.3377617597579956,0.9911282062530518,1,1,1,1
test,798,2,0.20725491528952777,0.7927450847104722,0.21981537342071533,0.989372730255127,1,1,2,1
test,799,5,0.2074481684449928,0.7925518315550072,-2.491474151611328e-05,0.7763147354125977,1,1,5,1
